[
  {
    "name": "theme_info",
    "theme_name": "Wareplus",
    "theme_author": "Wareplus",
    "theme_version": "4.1.50",
    "theme_documentation_url": "https:\/\/wareplus.store\/",
    "theme_support_url": "https:\/\/wareplus.store\/"
  },
  {
    "name": "©️ WAREPLUS",
    "settings": [
      {
        "type": "paragraph",
        "content": "[@wareplus] Obrigado por adquirir nosso tema totalmente personalizado com os melhores recursos para deixar sua loja muito mais completa."
      },
      {
        "type": "header",
        "content": "Veja onde estamos"
      },
      {
        "type": "paragraph",
        "content": "Confira as melhores dicas de drop em nosso canal do Youtube [Wareplus](https:\/\/youtube.com.br\/channel\/UCTdcq8_VfXc7x3lzTJPszog)"
      },
      {
        "type": "header",
        "content": "Atenção"
      },
      {
        "type": "paragraph",
        "content": "Se você não adquiriu este tema através de nossos anuncios do canal você não vai receber nossas atualizações, que sempre lançamos com várias novidades úteis para fazer sua loja cada dia melhor."
      }
    ]
  },
  {
    "name": "Cores",
    "settings": [
      {
        "type": "header",
        "content": "Geral"
      },
      {
        "type": "color",
        "id": "heading_color",
        "label": "Cor do título",
        "default": "#1c1b1b"
      },
      {
        "type": "color",
        "id": "text_color",
        "label": "Cor do texto",
        "default": "#576168"
      },
      {
        "type": "color",
        "id": "price_color",
        "label": "Cor do preço",
        "default": "#0086FF"
      },
      {
        "type": "color",
        "id": "price_compare_color",
        "label": "Cor do preço em oferta",
        "default": "#8c8c8c"
      },
      {
        "type": "color",
        "id": "accent_color",
        "label": "Cor em destaque",
        "default": "#00badb"
      },
      {
        "type": "color",
        "id": "link_color",
        "label": "Cor do link",
        "default": "#838383"
      },
      {
        "type": "color",
        "id": "border_color",
        "label": "Cor da borda",
        "default": "#e1e3e4"
      },
      {
        "type": "color_background",
        "id": "button_slide_color",
        "label": "Cor do botão slide"
      },
      {
        "type": "color_background",
        "id": "button_slide_color_hover",
        "label": "Cor do botão slide hover"
      },
      {
        "type": "color",
        "id": "background",
        "label": "Cor de fundo",
        "default": "#f3f5f6"
      },
      {
        "type": "color",
        "id": "secondary_background",
        "label": "Cor de fundo secundária",
        "info": "Para melhores resultados, o fundo secundário não deve estar muito longe do fundo primário",
        "default": "#ffffff"
      },
      {
        "type": "color",
        "id": "error_background",
        "label": "Cor de fundo (erro)",
        "default": "#ffffff"
      },
      {
        "type": "color",
        "id": "error_color",
        "label": "Cor do texto (erro)",
        "default": "#ff0000"
      },
      {
        "type": "color",
        "id": "success_background",
        "label": "Cor de fundo (sucesso)",
        "default": "#00AA00"
      },
      {
        "type": "color",
        "id": "success_color",
        "label": "Cor do texto (sucesso)",
        "default": "#ffffff"
      },
      {
        "type": "header",
        "content": "Botão primario"
      },
      {
        "type": "color",
        "id": "primary_button_background",
        "label": "Cor de fundo",
        "default": "#00badb"
      },
      {
        "type": "color",
        "id": "primary_button_text_color",
        "label": "Cor do texto",
        "default": "#ffffff"
      },
      {
        "type": "header",
        "content": "Botão secundário"
      },
      {
        "type": "color",
        "id": "secondary_button_background",
        "label": "Cor de fundo",
        "default": "#1e2d7d"
      },
      {
        "type": "color",
        "id": "secondary_button_text_color",
        "label": "Cor do texto",
        "default": "#ffffff"
      },
      {
        "type": "header",
        "content": "Botão de cookie"
      },
      {
        "type": "color",
        "id": "cookie_button_background",
        "label": "Cor de fundo",
        "default": "#47b192"
      },
      {
        "type": "color",
        "id": "cookie_button_text_color",
        "label": "Cor do texto",
        "default": "#ffffff"
      },
      {
        "type": "header",
        "content": "Botão (Continuar Comprando) | (Ver Carrinho)"
      },
      {
        "type": "color",
        "id": "cor_da_borda_botao_mini_cart",
        "label": "Cor da borda",
        "default": "#33BB33"
      },
      {
        "type": "color",
        "id": "cor_de_fundo_botao_mini_cart",
        "label": "Cor de fundo",
        "default": "#ffffff"
      },
      {
        "type": "color",
        "id": "cor_do_texto_botao_mini_cart",
        "label": "Cor do texto",
        "default": "#33BB33"
      },
      {
        "type": "color",
        "id": "cor_ativa_botao_mini_cart",
        "label": "Cor do botão ativo",
        "default": "#33BB33"
      },
      {
        "type": "header",
        "content": "Cabeçalho"
      },
      {
        "type": "number",
        "id": "angulo_gradiente_header",
        "label": "Ângulo do gradiente",
        "info": "Ajuste de 0 à 360",
        "default": 360
      },
      {
        "type": "color",
        "id": "header_background",
        "label": "Cor de fundo 1",
        "default": "#FCFBFC"
      },
      {
        "type": "color",
        "id": "header_background_2",
        "label": "Cor de fundo 2",
        "default": "#FCFBFC"
      },
      {
        "type": "color",
        "id": "header_icon_color",
        "label": "Cor do ícone",
        "default": "#222222"
      },
      {
        "type": "color",
        "id": "header_text_color",
        "label": "Cor do texto",
        "default": "#ffffff"
      },
      {
        "type": "color",
        "id": "header_light_text_color",
        "label": "Cor do texto secundário",
        "default": "#ffffff"
      },
      {
        "type": "color",
        "id": "header_accent_color",
        "label": "Cor em destaque",
        "default": "#00badb"
      },
      {
        "type": "header",
        "content": "Menu do cabeçalho"
      },
      {
        "type": "color",
        "id": "cor_de_fundo_menu_cabecalho",
        "label": "Cor de fundo",
        "default": "#ffffff"
      },
      {
        "type": "color",
        "id": "cor_do_texto_menu_cabecalho",
        "label": "Cor do texto",
        "default": "#333333"
      },
      {
        "type": "color",
        "id": "cor_do_texto_hover_menu_cabecalho",
        "label": "Cor do texto hover (menu)",
        "default": "#47b192"
      },
      {
        "type": "color",
        "id": "cor_do_texto_hover_sub_menu_cabecalho",
        "label": "Cor do texto hover (submenu)",
        "default": "#47b192"
      },
      {
        "type": "header",
        "content": "Rodapé"
      },
      {
        "type": "number",
        "id": "angulo_gradiente_footer",
        "label": "Ângulo do gradiente",
        "info": "Ajuste de 0 à 360",
        "default": 360
      },
      {
        "type": "color",
        "id": "footer_background_color",
        "label": "Cor de fundo",
        "default": "#eee"
      },
      {
        "type": "color",
        "id": "footer_background_color_2",
        "label": "Cor de fundo",
        "default": "#eee"
      },
      {
        "type": "color",
        "id": "footer_border_color",
        "label": "Cor da borda",
        "default": "#d3d3d3"
      },
      {
        "type": "color",
        "id": "footer_heading_text_color",
        "label": "Cor do título",
        "default": "#222222"
      },
      {
        "type": "color",
        "id": "footer_body_text_color",
        "label": "Cor do texto",
        "default": "#444444"
      },
      {
        "type": "color",
        "id": "footer_accent_color",
        "label": "Cor em destaque",
        "default": "#00badb"
      },
      {
        "type": "header",
        "content": "Produto"
      },
      {
        "type": "color",
        "id": "product_on_sale_accent",
        "label": "Cor produto em desconto",
        "default": "#ee0000"
      },
      {
        "type": "color",
        "id": "product_in_stock_color",
        "label": "Cor produto em estoque",
        "default": "#00a500"
      },
      {
        "type": "color",
        "id": "product_low_stock_color",
        "label": "Cor produto com estoque baixo",
        "default": "#ee0000"
      },
      {
        "type": "color",
        "id": "product_sold_out_color",
        "label": "Cor produto esgotado",
        "default": "#8a9297"
      },
      {
        "type": "color",
        "id": "product_label_1_background",
        "label": "Cor de fundo personalizada do rótulo 1",
        "default": "#0774d7"
      },
      {
        "type": "color",
        "id": "product_label_2_background",
        "label": "Cor de fundo personalizada do rótulo 2",
        "default": "#00a500"
      },
      {
        "type": "color",
        "id": "product_star_color",
        "label": "Estrelas de avaliação",
        "default": "#ffbd00"
      }
    ]
  },
  {
    "name": "Tipografia",
    "settings": [
      {
        "type": "range",
        "id": "base_text_font_size",
        "label": "Tamanho base",
        "info": "Todos os textos, incluindo títulos, serão dimensionados de acordo.",
        "min": 14,
        "max": 20,
        "unit": "px",
        "default": 15
      },
      {
        "type": "header",
        "content": "Titulos"
      },
      {
        "type": "font_picker",
        "id": "heading_font",
        "label": "Fonte",
        "default": "helvetica_n4"
      },
      {
        "type": "header",
        "content": "Texto"
      },
      {
        "type": "font_picker",
        "id": "text_font",
        "label": "Fonte",
        "default": "helvetica_n4"
      },
      {
        "type": "checkbox",
        "id": "underline_links",
        "label": "Sublinhar links",
        "info": "Aplica-se apenas a links definidos em campos de texto detalhado.",
        "default": false
      }
    ]
  },
  {
    "name": "Layout",
    "settings": [
      {
        "type": "range",
        "id": "desktop_section_gutter",
        "label": "Espaçamento seções (desktop)",
        "min": 0,
        "max": 80,
        "unit": "px",
        "default": 60
      },
      {
        "type": "range",
        "id": "mobile_section_gutter",
        "label": "Espaçamento seções (mobile)",
        "min": 0,
        "max": 80,
        "unit": "px",
        "default": 50
      },
      {
        "type": "range",
        "id": "desktop_banner_gutter",
        "label": "Espaçamento banners (desktop)",
        "min": 0,
        "max": 80,
        "unit": "px",
        "default": 20
      },
      {
        "type": "range",
        "id": "mobile_banner_gutter",
        "label": "Espaçamento banners (mobile)",
        "min": 0,
        "max": 80,
        "unit": "px",
        "default": 20
      }
    ]
  },
  {
    "name": "Configuração de parcelamento",
    "settings": [
      {
        "type": "paragraph",
        "content": "Veja como configurar as parcelas [Vídeo](https:\/\/youtu.be\/H4YSyZof3dE)"
      },
      {
        "type": "number",
        "id": "times_boleto",
        "label": "Desconto boleto %",
        "default": 0
      },
      {
        "type": "number",
        "id": "times_pix",
        "label": "Desconto Pix %",
        "default": 10
      },
      {
        "type": "text",
        "id": "times_parcela_1x",
        "label": "Times Parcela 1x",
        "default": "1"
      },
      {
        "type": "text",
        "id": "times_parcela_2x",
        "label": "Times Parcela 2x",
        "default": "1"
      },
      {
        "type": "text",
        "id": "times_parcela_3x",
        "label": "Times Parcela 3x",
        "default": "1"
      },
      {
        "type": "text",
        "id": "times_parcela_4x",
        "label": "Times Parcela 4x",
        "default": "1"
      },
      {
        "type": "text",
        "id": "times_parcela_5x",
        "label": "Times Parcela 5x",
        "default": "1"
      },
      {
        "type": "text",
        "id": "times_parcela_6x",
        "label": "Times Parcela 6x",
        "default": "1"
      },
      {
        "type": "text",
        "id": "times_parcela_7x",
        "label": "Times Parcela 7x",
        "default": "1"
      },
      {
        "type": "text",
        "id": "times_parcela_8x",
        "label": "Times Parcela 8x",
        "default": "1"
      },
      {
        "type": "text",
        "id": "times_parcela_9x",
        "label": "Times Parcela 9x",
        "default": "1"
      },
      {
        "type": "text",
        "id": "times_parcela_10x",
        "label": "Times Parcela 10x",
        "default": "1"
      },
      {
        "type": "text",
        "id": "times_parcela_11x",
        "label": "Times Parcela 11x",
        "default": "1"
      },
      {
        "type": "text",
        "id": "times_parcela_12x",
        "label": "Times Parcela 12x",
        "default": "1"
      }
    ]
  },
  {
    "name": "Icones do carrinho",
    "settings": [
      {
        "type": "checkbox",
        "id": "ocultar_texto_carrinho",
        "label": "Ocultar texto carrinho",
        "default": true
      },
      {
        "type": "range",
        "id": "size_icon_cart",
        "label": "Tamanho",
        "min": 1,
        "max": 50,
        "step": 1,
        "unit": "px",
        "default": 28
      },
      {
        "type": "range",
        "id": "position_arrow_cart",
        "label": "Posição ícone do menu suspenso ⬆️ (celular)",
        "min": 1,
        "max": 40,
        "step": 1,
        "unit": "px",
        "default": 26
      },
      {
        "type": "select",
        "id": "icone_carrinho",
        "label": "Modelo icone carrinho",
        "options": [
          {
            "value": "padrao",
            "label": "Padrão"
          },
          {
            "value": "modelo_1",
            "label": "Modelo 1"
          },
          {
            "value": "modelo_2",
            "label": "Modelo 2"
          },
          {
            "value": "custom",
            "label": "Personalizado"
          }
        ],
        "default": "modelo_1"
      },
      {
        "type": "html",
        "id": "cart_custom",
        "label": "Cole aqui o código svg do ícone",
        "default": "<svg xmlns='http:\/\/www.w3.org\/2000\/svg' class='ionicon' viewbox='0 0 512 512'><path d='M454.65 169.4A31.82 31.82 0 00432 160h-64v-16a112 112 0 00-224 0v16H80a32 32 0 00-32 32v216c0 39 33 72 72 72h272a72.22 72.22 0 0050.48-20.55 69.48 69.48 0 0021.52-50.2V192a31.75 31.75 0 00-9.35-22.6zM176 144a80 80 0 01160 0v16H176zm192 96a112 112 0 01-224 0v-16a16 16 0 0132 0v16a80 80 0 00160 0v-16a16 16 0 0132 0z'><\/path><\/svg>"
      },
      {
        "type": "paragraph",
        "content": "Alguns sites de ícone [ionic.io](https:\/\/ionic.io\/ionicons), [icons.getbootstrap.com](https:\/\/icons.getbootstrap.com), [remixicon.com](https:\/\/remixicon.com)"
      }
    ]
  },
  {
    "name": "Estilo 3D",
    "settings": [
      {
        "type": "select",
        "id": "estilo_3d",
        "label": "Estilo",
        "options": [
          {
            "value": "estilo_padrao",
            "label": "Padrão"
          },
          {
            "value": "estilo_3d",
            "label": "Estilo 3D"
          }
        ],
        "default": "estilo_3d"
      },
      {
        "type": "checkbox",
        "id": "ativar_sombra_blocos_pagina_produtos",
        "label": "Ativar sombra página do produto",
        "default": true
      },
      {
        "type": "checkbox",
        "id": "ativar_sombra_blocos_colecoes_produtos",
        "label": "Ativar sombra coleções de produtos",
        "default": true
      },
      {
        "type": "select",
        "id": "modelo_sobra_colecoes",
        "label": "Modelo da sombra (coleções)",
        "options": [
          {
            "value": "modelo_1",
            "label": "Modelo 1"
          },
          {
            "value": "modelo_2",
            "label": "Modelo 2"
          }
        ],
        "default": "modelo_1"
      },
      {
        "type": "range",
        "id": "opacidade_da_sombra_pagina_produtos",
        "label": "Opacidade da sombra página de produtos",
        "min": 0,
        "max": 99,
        "step": 1,
        "default": 30
      },
      {
        "type": "range",
        "id": "opacidade_da_sombra_colecoes_produtos",
        "label": "Opacidade da sombra coleções de produtos",
        "min": 0,
        "max": 99,
        "step": 1,
        "default": 50
      },
      {
        "type": "color",
        "id": "cor_sombra_blocos_pagina_produtos",
        "label": "Cor sombra página de produtos",
        "default": "#000000"
      },
      {
        "type": "color",
        "id": "cor_sombra_blocos_colecoes_produtos",
        "label": "Cor sombra coleções de produtos",
        "default": "#000000"
      },
      {
        "type": "range",
        "id": "borda_blocos_pagina_produtos",
        "label": "Borda blocos página de produtos",
        "min": 0,
        "max": 50,
        "step": 1,
        "default": 8
      },
      {
        "type": "range",
        "id": "borda_blocos_colecoes_produtos",
        "label": "Borda blocos coleções de produtos",
        "min": 0,
        "max": 40,
        "step": 1,
        "default": 8
      },
      {
        "type": "range",
        "id": "borda_banners",
        "label": "Borda banners",
        "min": 0,
        "max": 30,
        "step": 1,
        "default": 8
      },
      {
        "type": "range",
        "id": "borda_imagem_pagina_produtos",
        "label": "Borda imagem página de produtos",
        "min": 0,
        "max": 30,
        "step": 1,
        "default": 8
      },
      {
        "type": "range",
        "id": "borda_imagem_colecoes_produtos",
        "label": "Borda imagem coleções de produtos",
        "min": 0,
        "max": 30,
        "step": 1,
        "default": 8
      },
      {
        "type": "range",
        "id": "borda_etiqueta_de_desconto",
        "label": "Borda etiqueta de desconto",
        "min": 0,
        "max": 12,
        "step": 1,
        "default": 8
      },
      {
        "type": "range",
        "id": "borda_botoes",
        "label": "Borda dos botões",
        "min": 0,
        "max": 30,
        "step": 1,
        "default": 8
      },
      {
        "type": "range",
        "id": "borda_formularios",
        "label": "Borda dos formulários",
        "min": 0,
        "max": 30,
        "step": 1,
        "default": 8
      },
      {
        "type": "range",
        "id": "borda_seletor_de_variantes",
        "label": "Borda seletor de variantes",
        "min": 0,
        "max": 30,
        "step": 1,
        "default": 6
      },
      {
        "type": "range",
        "id": "borda_seletor_de_quantidade",
        "label": "Borda seletor de quantidade",
        "min": 0,
        "max": 30,
        "step": 1,
        "default": 8
      },
      {
        "type": "range",
        "id": "borda_menu_footer",
        "label": "Borda menu do footer",
        "min": 0,
        "max": 30,
        "step": 1,
        "default": 8
      }
    ]
  },
  {
    "name": "Bloqueadores",
    "settings": [
      {
        "type": "checkbox",
        "id": "bloqueio_scripts_facebook_enable",
        "label": "Bloquear scripts fantasma facebook",
        "default": true,
        "info": "Será bloqueado os scripts fantasma de (Purchase) (InitiateCheckout) (AddPaymentInfo)"
      },
      {
        "type": "checkbox",
        "id": "bloqueio_scripts_alihunter_enable",
        "label": "Bloquear extensão alihunter",
        "default": true
      },
      {
        "type": "checkbox",
        "id": "botao_direito_enable",
        "label": "Bloquear botão direito",
        "default": true
      },
      {
        "type": "checkbox",
        "id": "atalho_f12_enable",
        "label": "Bloquear F12",
        "default": true
      },
      {
        "type": "checkbox",
        "id": "selecionar_conteudo_enable",
        "label": "Bloquear seleção de conteúdo",
        "default": true
      }
    ]
  },
  {
    "name": "Botão voltar ao topo",
    "settings": [
      {
        "type": "checkbox",
        "id": "go_top",
        "label": "Exibir",
        "default": true
      }
    ]
  },
  {
    "name": "Botão whatsapp",
    "settings": [
      {
        "type": "checkbox",
        "id": "exibir_botao_whatsapp",
        "label": "Exibir botão whatsapp",
        "default": true
      },
      {
        "type": "select",
        "id": "posicao_botao_whatsapp",
        "label": "Posição",
        "options": [
          {
            "value": "esquerda",
            "label": "Esquerda"
          },
          {
            "value": "direita",
            "label": "Direita"
          }
        ],
        "default": "direita"
      },
      {
        "type": "select",
        "id": "botao_whatsapp",
        "label": "Modelo botão whatsapp",
        "options": [
          {
            "value": "modelo_1",
            "label": "Modelo 1"
          },
          {
            "value": "modelo_2",
            "label": "Modelo 2"
          }
        ],
        "default": "modelo_2"
      },
      {
        "type": "text",
        "id": "numberzap",
        "label": "Número do WhatsApp",
        "info": "O número que vai receber a mensagem deve ser colocado com 55 - código do país - seguido do DDD do estado e depois o número com o prefixo incluso. Ex: 5587988887777"
      },
      {
        "type": "color",
        "id": "background_zap",
        "label": "Cor do botão",
        "default": "#25D366"
      },
      {
        "type": "header",
        "content": "Configurações whatsapp modelo 2"
      },
      {
        "type": "color",
        "id": "colorzap",
        "label": "Cor box de mensagem superior",
        "default": "#25D366"
      },
      {
        "type": "textarea",
        "id": "titlezap",
        "label": "Título e subtítulo do box",
        "default": "Fale Conosco <span>Precisando de ajuda conte conosco.<\/span>"
      },
      {
        "type": "textarea",
        "id": "chatzap",
        "label": "Texto da mensagem",
        "default": "Olá, estou aqui para te ajudar!"
      },
      {
        "type": "textarea",
        "id": "digizap",
        "label": "Texto onde o cliente vai escrever",
        "default": "Digite sua mensagem"
      }
    ]
  },
  {
    "name": "Timer coleções",
    "settings": [
      {
        "type": "header",
        "content": "Contador"
      },
      {
        "type": "paragraph",
        "content": "Para que o contador seja colocado nos produtos em específico, você deve acessar o produto pela interface da Shopify e adicionar uma TAG com o nome de: contador"
      },
      {
        "type": "checkbox",
        "id": "exibir_contador_colecoes",
        "label": "Exibir contador",
        "default": false
      },
      {
        "type": "text",
        "id": "data_contador_kabum",
        "label": "Dia\/Mês\/Ano",
        "default": "11\/10\/2023",
        "info": "Coloque aqui uma data especifica para o fim da promoção, será contado apartir da data atual até a data definida, (A horas são no formato 24h)"
      },
      {
        "type": "checkbox",
        "id": "timer_loop",
        "label": "Ativar loop",
        "info": "Ignore a data\/texto definido e deixe sempre 1 dia, ao terminar o prazo o contador começa de novo.",
        "default": false
      },
      {
        "type": "color",
        "id": "cor_de_fundo_contador_colecoes",
        "label": "Cor de fundo",
        "default": "#47B192"
      },
      {
        "type": "color",
        "id": "cor_da_borda_contador_colecoes",
        "label": "Cor da borda",
        "default": "#47B192"
      },
      {
        "type": "color",
        "id": "cor_texto_contador_colecoes",
        "label": "Cor do texto",
        "default": "#47B192"
      }
    ]
  },
  {
    "name": "Bandeira de cartões",
    "settings": [
      {
        "type": "checkbox",
        "id": "exibir_boleto_bandeira_de_cartoes",
        "label": "Boleto",
        "default": true
      },
      {
        "type": "checkbox",
        "id": "exibir_pix_bandeira_de_cartoes",
        "label": "Pix",
        "default": true
      },
      {
        "type": "checkbox",
        "id": "visa_card_bandeira_de_cartoes",
        "label": "Visa",
        "default": true
      },
      {
        "type": "checkbox",
        "id": "master_card_bandeira_de_cartoes",
        "label": "Mastercard",
        "default": true
      },
      {
        "type": "checkbox",
        "id": "americanex_card_bandeira_de_cartoes",
        "label": "American Express",
        "default": true
      },
      {
        "type": "checkbox",
        "id": "elo_card_bandeira_de_cartoes",
        "label": "Elo",
        "default": true
      },
      {
        "type": "checkbox",
        "id": "hiper_card_bandeira_de_cartoes",
        "label": "Hipercard",
        "default": false
      },
      {
        "type": "checkbox",
        "id": "dinersclub_card_bandeira_de_cartoes",
        "label": "Diners Club",
        "default": false
      },
      {
        "type": "checkbox",
        "id": "caixa_card_bandeira_de_cartoes",
        "label": "Caixa",
        "default": false
      },
      {
        "type": "checkbox",
        "id": "paypal_card_bandeira_de_cartoes",
        "label": "PayPal",
        "default": false
      },
      {
        "type": "checkbox",
        "id": "picpay_card_bandeira_de_cartoes",
        "label": "PicPay",
        "default": false
      },
      {
        "type": "checkbox",
        "id": "mp_card_bandeira_de_cartoes",
        "label": "Mercado pago",
        "default": false
      }
    ]
  },
  {
    "name": "Modelo de checkout",
    "settings": [
      {
        "type": "paragraph",
        "content": "IMPORTANTE! Para bom funcionamento desative a opção de pular carrinho nas configurações do seu app de checkout transparente."
      },
      {
        "type": "checkbox",
        "id": "cart_compatibility",
        "label": "Ativar compatibilidade carrinho",
        "info": "Com essa opção ativa os checkouts transparentes terão maior compatibilidade na página do carrinho (corrige o bug do seletor de quantidade)",
        "default": true
      },
      {
        "type": "select",
        "id": "checkout_mode",
        "label": "Checkout",
        "options": [
          {
            "value": "nativo_shopify",
            "label": "Nativo shopify"
          },
          {
            "value": "yampi",
            "label": "Yampi"
          },
          {
            "value": "adorei",
            "label": "Adoorei"
          },
          {
            "value": "cartx",
            "label": "Cartpanda"
          }
        ],
        "default": "yampi"
      },
      {
        "type": "header",
        "content": "Configuração (Cartpanda)"
      },
      {
        "type": "text",
        "id": "url_cartpanda",
        "label": "Domínio cartpanda",
        "info": "Coloque aqui o primeiro domínio gerado da sua loja cartpanda ex: warepro.mycartpanda.com"
      },
      {
        "type": "header",
        "content": "Configuração (Nativo shopify)"
      },
      {
        "type": "text",
        "id": "translate_text",
        "label": "Tradução do texto (Compre já)",
        "default": "COMPRAR AGORA"
      }
    ]
  },
  {
    "name": "Configurações extras",
    "settings": [
      {
        "type": "header",
        "content": "Configuração de Parcelamento"
      },
      {
        "type": "checkbox",
        "id": "exibir_parcelas_12x_colecoes_produtos",
        "label": "Exibir parcela no bloco de coleções",
        "default": true
      },
      {
        "type": "checkbox",
        "id": "estilo_parcelas_12x_colecoes",
        "label": "Ativar negrito nas parcelas x",
        "default": true
      },
      {
        "type": "color",
        "id": "cor_texto_parcelas_12x_colecoes_produtos",
        "label": "Cor do texto",
        "default": "#576168"
      },
      {
        "type": "color",
        "id": "cor_preco_parcelas_12x_colecoes_produtos",
        "label": "Cor do preço",
        "default": "#333333"
      },
      {
        "type": "range",
        "id": "tamanho_fonte_preco_parcelas_12x_colecoes_produtos",
        "label": "Tamanho da fonte",
        "min": 12,
        "max": 20,
        "step": 1,
        "default": 15
      },
      {
        "type": "select",
        "id": "parcelas_12x_colecoes_produto",
        "label": "Quantidade parcelas",
        "options": [
          {
            "value": "1",
            "label": "parcela 1x"
          },
          {
            "value": "2",
            "label": "parcela 2x"
          },
          {
            "value": "3",
            "label": "parcela 3x"
          },
          {
            "value": "4",
            "label": "parcela 4x"
          },
          {
            "value": "5",
            "label": "parcela 5x"
          },
          {
            "value": "6",
            "label": "parcela 6x"
          },
          {
            "value": "7",
            "label": "parcela 7x"
          },
          {
            "value": "8",
            "label": "parcela 8x"
          },
          {
            "value": "9",
            "label": "parcela 9x"
          },
          {
            "value": "10",
            "label": "parcela 10x"
          },
          {
            "value": "11",
            "label": "parcela 11x"
          },
          {
            "value": "12",
            "label": "parcela 12x"
          }
        ],
        "default": "12"
      },
      {
        "type": "header",
        "content": "Configuração de preço PIX"
      },
      {
        "type": "checkbox",
        "id": "exibir_preco_pix_colecoes_produtos",
        "label": "Exibir preço pix no bloco de coleções",
        "default": true
      },
      {
        "type": "color",
        "id": "cor_texto_preco_pix_colecoes_produtos",
        "label": "Cor do texto",
        "default": "#576168"
      },
      {
        "type": "color",
        "id": "cor_preco_pix_colecoes_produtos",
        "label": "Cor do preço",
        "default": "#333333"
      },
      {
        "type": "range",
        "id": "tamanho_fonte_preco_pix_colecoes_produtos",
        "label": "Tamanho da fonte",
        "min": 12,
        "max": 20,
        "step": 1,
        "default": 15
      },
      {
        "type": "header",
        "content": "Encurtar Titulo do Produto"
      },
      {
        "type": "range",
        "id": "quantidade_linha_titulo_colecoes_de_produtos",
        "label": "Quantidade de linhas",
        "min": 1,
        "max": 4,
        "step": 1,
        "default": 1
      },
      {
        "type": "header",
        "content": "Frete Grátis Coleções"
      },
      {
        "type": "checkbox",
        "id": "exibir_frete_gratis_colecoes",
        "label": "Exibir",
        "default": false
      },
      {
        "type": "select",
        "id": "mostrar_em",
        "label": "Mostrar em",
        "options": [
          {
            "value": "todos",
            "label": "Todos os produtos"
          },
          {
            "value": "tag_personalizada",
            "label": "Produtos com tag personalizada"
          }
        ],
        "default": "todos"
      },
      {
        "type": "text",
        "id": "tag_personalizada_frete_colecoes",
        "label": "Criar tag personalizada",
        "default": "frete gratis",
        "info": "Utilize essa tag para filtrar os produtos que vão exibir (frete grátis) "
      },
      {
        "type": "select",
        "id": "modelo_frete_gratis_colecoes",
        "label": "Modelo",
        "options": [
          {
            "value": "modelo_1",
            "label": "Modelo 1"
          },
          {
            "value": "modelo_2",
            "label": "Modelo 2"
          }
        ],
        "default": "modelo_1"
      },
      {
        "type": "color",
        "id": "cor_de_fundo_frete_colecoes",
        "label": "Cor de fundo",
        "default": "#58c22e"
      },
      {
        "type": "color",
        "id": "cor_do_texto_frete_colecoes",
        "label": "Cor do texto",
        "default": "#ffffff"
      },
      {
        "type": "range",
        "id": "borda_frete_colecoes_modelo_1",
        "label": "Borda",
        "min": 1,
        "max": 15,
        "step": 1,
        "default": 15
      },
      {
        "type": "header",
        "content": "Imagem Personalizada Coleções"
      },
      {
        "type": "checkbox",
        "id": "exibir_imagem_colecoes",
        "label": "Exibir",
        "default": false
      },
      {
        "type": "select",
        "id": "imagem_personalizada_mostrar_em",
        "label": "Mostrar em",
        "options": [
          {
            "value": "todos",
            "label": "Todos os produtos"
          },
          {
            "value": "tag_personalizada",
            "label": "Produtos com tag personalizada"
          }
        ],
        "default": "todos"
      },
      {
        "type": "text",
        "id": "tag_personalizada_imagem_colecoes",
        "label": "Criar tag personalizada",
        "default": "promocao",
        "info": "Utilize essa tag para filtrar os produtos que vão exibir uma (imagem personalizada) "
      },
      {
        "type": "image_picker",
        "id": "imgpc_colecoes",
        "label": "Imagem Desktop"
      }
    ]
  },
  {
    "name": "Formato de moeda",
    "settings": [
      {
        "type": "header",
        "content": "Códigos de moeda"
      },
      {
        "type": "checkbox",
        "id": "currency_code_enabled",
        "label": "Exibir código da moeda",
        "default": false
      }
    ]
  },
  {
    "name": "Amostra de cor",
    "settings": [
      {
        "type": "textarea",
        "id": "color_swatch_config",
        "label": "Configuração"
      }
    ]
  },
  {
    "name": "Animação",
    "settings": [
      {
        "type": "select",
        "id": "habilitar_animacao_blocos_colecoes",
        "label": "Animações",
        "options": [
          {
            "value": "sem_animacao",
            "label": "Sem animação"
          },
          {
            "value": "animacao_1",
            "label": "Animação modelo 1"
          },
          {
            "value": "animacao_2",
            "label": "Animação modelo 2"
          }
        ],
        "default": "animacao_1"
      },
      {
        "type": "range",
        "id": "velocidade_animacao",
        "label": "Velocidade da animação",
        "min": 0,
        "max": 1,
        "step": 0.1,
        "default": 0.4
      },
      {
        "type": "checkbox",
        "id": "animation_image_zoom",
        "label": "Ativar zoom da imagem ao passar o mouse",
        "default": true
      }
    ]
  },
  {
    "name": "Produtos coleções",
    "settings": [
      {
        "type": "checkbox",
        "id": "show_vendor",
        "label": "Exibir vendedor",
        "default": false
      },
      {
        "type": "checkbox",
        "id": "show_secondary_image",
        "label": "Exibir imagem secundária ao passar o mouse",
        "default": true
      },
      {
        "type": "checkbox",
        "id": "show_reviews_badge",
        "label": "Mostrar classificação do produto",
        "info": "Para exibir uma classificação, adicione um aplicativo de classificação de produto. [Saiba mais](https:\/\/help.shopify.com\/en\/manual\/products\/product-reviews\/installation)",
        "default": false
      },
      {
        "type": "checkbox",
        "id": "show_discount",
        "label": "Exibir etiqueta de desconto",
        "default": true
      },
      {
        "type": "select",
        "id": "discount_mode",
        "label": "Mostrar desconto como...",
        "options": [
          {
            "value": "percentage",
            "label": "porcentagem"
          },
          {
            "value": "saving",
            "label": "Economia"
          }
        ],
        "default": "saving"
      },
      {
        "type": "select",
        "id": "product_price_position",
        "label": "Posição do preço",
        "options": [
          {
            "value": "before_title",
            "label": "Antes do título do produto"
          },
          {
            "value": "after_title",
            "label": "Após o título do produto"
          }
        ],
        "default": "after_title"
      },
      {
        "type": "select",
        "id": "product_image_size",
        "label": "Tamanho da imagem do produto",
        "options": [
          {
            "value": "natural",
            "label": "Natural"
          },
          {
            "value": "short",
            "label": "Curta (4:3)"
          },
          {
            "value": "square",
            "label": "Quadrado (1:1)"
          },
          {
            "value": "tall",
            "label": "Alto (2:3)"
          }
        ],
        "default": "natural"
      },
      {
        "type": "checkbox",
        "id": "show_color_swatch",
        "label": "Exibir amostra de cores",
        "default": false
      },
      {
        "type": "checkbox",
        "id": "show_inventory_quantity",
        "label": "Mostrar inventário",
        "default": false
      },
      {
        "type": "range",
        "id": "low_inventory_threshold",
        "label": "Limite de estoque baixo",
        "info": "Mostre a quantidade de estoque em vermelho quando a quantidade estiver abaixo do limite. Escolha 0 para sempre mostrar em estoque, se disponível.",
        "min": 0,
        "max": 100,
        "step": 1,
        "default": 0
      }
    ]
  },
  {
    "name": "Carrinho",
    "settings": [
      {
        "type": "select",
        "id": "model_cart_type",
        "label": "Estilo de carrinho",
        "options": [
          {
            "value": "classic",
            "label": "Clássico"
          },
          {
            "value": "wareplus",
            "label": "Wareplus"
          }
        ],
        "default": "wareplus"
      },
      {
        "type": "select",
        "id": "cart_type",
        "label": "Modelo de carrinho",
        "options": [
          {
            "value": "drawer",
            "label": "Gaveta"
          },
          {
            "value": "message",
            "label": "Mensagem"
          },
          {
            "value": "page",
            "label": "Página"
          }
        ],
        "default": "drawer"
      },
      {
        "type": "select",
        "id": "button_mode",
        "label": "Exibir botão:",
        "options": [
          {
            "value": "checkout",
            "label": "Checkout"
          },
          {
            "value": "store",
            "label": "Loja"
          }
        ],
        "default": "checkout"
      },
      {
        "type": "url",
        "id": "cart_empty_button_link",
        "label": "Link do botão vazio",
        "default": "\/collections\/all"
      },
      {
        "type": "checkbox",
        "id": "full_box",
        "label": "Exibir carrinho wareplus full",
        "info": "Com essa opção marcada o modelo de carrinho gaveta (wareplus) no celular vai preencher toda tela.",
        "default": false
      },
      {
        "type": "checkbox",
        "id": "cart_show_free_shipping_threshold",
        "label": "Exibir valor mínimo de frete grátis",
        "info": "Certifique-se de ter configurado corretamente suas [taxas de frete](\/admin\/settings\/shipping).",
        "default": false
      },
      {
        "type": "text",
        "id": "cart_free_shipping_threshold",
        "label": "Frete grátis valor mínimo",
        "default": "50"
      },
      {
        "type": "color",
        "id": "text_color_shipping_threshold",
        "label": "Cor do texto",
        "default": "#11b274"
      },
      {
        "type": "color",
        "id": "background_color_shipping_threshold",
        "label": "Cor de fundo",
        "default": "#daefe7"
      },
      {
        "type": "header",
        "content": "--- Upsell carrinho wareplus ---"
      },
      {
        "type": "checkbox",
        "id": "cart_upsell_enable",
        "label": "Ativar upsell (wareplus)",
        "default": true
      },
      {
        "type": "header",
        "content": "Desconto Pix"
      },
      {
        "type": "checkbox",
        "id": "exibir_preco_pix",
        "label": "Exibir bloco pix",
        "default": true
      },
      {
        "type": "color",
        "id": "cor_de_fundo_deconto_pix",
        "label": "Cor de fundo",
        "default": "#f6f6f6"
      },
      {
        "type": "color",
        "id": "cor_etiqueta_deconto_pix",
        "label": "Cor da etiqueta",
        "default": "#47b192"
      },
      {
        "type": "color",
        "id": "cor_do_icone_deconto_pix",
        "label": "Cor do icone",
        "default": "#47b192"
      },
      {
        "type": "header",
        "content": "Preço"
      },
      {
        "type": "checkbox",
        "id": "exibir_preco_parcelado",
        "label": "Exibir preço parcelado",
        "default": true
      },
      {
        "type": "select",
        "id": "parcelas_12x_pagina_produto_cart",
        "label": "Quantidade parcelas",
        "options": [
          {
            "value": "1",
            "label": "parcela 1x"
          },
          {
            "value": "2",
            "label": "parcela 2x"
          },
          {
            "value": "3",
            "label": "parcela 3x"
          },
          {
            "value": "4",
            "label": "parcela 4x"
          },
          {
            "value": "5",
            "label": "parcela 5x"
          },
          {
            "value": "6",
            "label": "parcela 6x"
          },
          {
            "value": "7",
            "label": "parcela 7x"
          },
          {
            "value": "8",
            "label": "parcela 8x"
          },
          {
            "value": "9",
            "label": "parcela 9x"
          },
          {
            "value": "10",
            "label": "parcela 10x"
          },
          {
            "value": "11",
            "label": "parcela 11x"
          },
          {
            "value": "12",
            "label": "parcela 12x"
          }
        ],
        "default": "12"
      },
      {
        "type": "checkbox",
        "id": "exibir_preco_desconto",
        "label": "Exibir (desconto %)",
        "default": true
      },
      {
        "type": "checkbox",
        "id": "exibir_preco_economia",
        "label": "Exibir (economia R$)",
        "default": true
      },
      {
        "type": "color",
        "id": "cor_desconto_off",
        "label": "Cor de fundo (desconto %)",
        "default": "#47B192"
      },
      {
        "type": "color",
        "id": "cor_economia",
        "label": "Cor de fundo (economia R$)",
        "default": "#47B192"
      },
      {
        "type": "header",
        "content": "Botões"
      },
      {
        "type": "color",
        "id": "text_color_upsell_cart",
        "label": "Cor do texto",
        "default": "#000000"
      },
      {
        "type": "color_background",
        "id": "button_color_upsell_cart",
        "label": "Cor do botão",
        "default": "linear-gradient(270deg, rgba(0, 178, 122, 0.15) 4%, rgba(0, 178, 122, 0.15) 100%)"
      },
      {
        "type": "color",
        "id": "button_color_upsell_cart_popup",
        "label": "Cor do botão carrinho",
        "default": "#47B192"
      },
      {
        "type": "paragraph",
        "content": "Você tem 2 opções para mostrar os produtos de upsell na gaveta do carrinho. Através de um metacampo; ele mostrará produtos de upsell com base no produto que está atualmente adicionado ao carrinho. O segundo, por meio de uma coleção, listará todos os produtos de uma coleção específica, independente de quais produtos o usuário adicionou ao carrinho."
      },
      {
        "type": "text",
        "id": "cart_upsell_metafield",
        "label": "Metafield namespace\/key",
        "default": "wareplus.upsell",
        "info": "Por favor [defina o metafield acima primeiro](https:\/\/shopify.com\/admin\/metafields\/product\/create) e depois adicione os produtos de upsell a ele. Caso prefira exibir produtos de uma coleção defina a configuração abaixo."
      },
      {
        "type": "collection",
        "id": "cart_upsell_collection",
        "label": "Coleção"
      },
      {
        "type": "range",
        "id": "cart_upsell_limit",
        "label": "Limite de produtos",
        "min": 1,
        "max": 24,
        "default": 10
      },
      {
        "type": "text",
        "id": "cart_upsell_title",
        "label": "Título",
        "default": "Produtos recomendados"
      },
      {
        "type": "range",
        "id": "quantidade_linha_titulo_carrinho",
        "label": "Quantidade de linhas",
        "info": "Útil se os títulos dos seus produtos forem longos",
        "min": 1,
        "max": 4,
        "step": 1,
        "default": 2
      }
    ]
  },
  {
    "name": "Midia social",
    "settings": [
      {
        "type": "color",
        "id": "color_social_icon",
        "label": "Cor do ícone",
        "default": "#47b192"
      },
      {
        "type": "header",
        "content": "Contas"
      },
      {
        "type": "text",
        "id": "social_facebook",
        "info": "https:\/\/www.facebook.com\/shopify",
        "label": "Facebook"
      },
      {
        "type": "text",
        "id": "social_twitter",
        "info": "https:\/\/twitter.com\/shopify",
        "label": "Twitter"
      },
      {
        "type": "text",
        "id": "social_pinterest",
        "info": "https:\/\/www.pinterest.com\/shopify",
        "label": "Pinterest"
      },
      {
        "type": "text",
        "id": "social_instagram",
        "info": "https:\/\/instagram.com\/shopify",
        "label": "Instagram"
      },
      {
        "type": "text",
        "id": "social_vimeo",
        "info": "https:\/\/vimeo.com\/shopify",
        "label": "Vimeo"
      },
      {
        "type": "text",
        "id": "social_tumblr",
        "info": "https:\/\/shopify.tumblr.com",
        "label": "Tumblr"
      },
      {
        "type": "text",
        "id": "social_youtube",
        "info": "https:\/\/www.youtube.com\/user\/shopify",
        "label": "YouTube"
      },
      {
        "type": "text",
        "id": "social_tiktok",
        "info": "https:\/\/www.tiktok.com\/shopify",
        "label": "TikTok"
      },
      {
        "type": "text",
        "id": "social_linkedin",
        "info": "https:\/\/linkedin.com\/in\/shopify",
        "label": "LinkedIn"
      },
      {
        "type": "text",
        "id": "social_snapchat",
        "info": "https:\/\/snapchat.com\/add\/shopify",
        "label": "Snapchat"
      },
      {
        "type": "text",
        "id": "social_fancy",
        "info": "https:\/\/fancy.com\/Shopify",
        "label": "Fancy"
      }
    ]
  },
  {
    "name": "Favicon",
    "settings": [
      {
        "type": "image_picker",
        "id": "favicon",
        "label": "Imagem",
        "info": "96 x 96px .png recomendado"
      }
    ]
  }
]
