{"current":{"text_color":"#222222","price_color":"#1c1b1b","price_compare_color":"#576168","accent_color":"#5f734d","link_color":"#1c1b1b","button_slide_color":"linear-gradient(180deg, rgba(33, 37, 41, 0.75), rgba(33, 37, 41, 0.75) 100%)","button_slide_color_hover":"linear-gradient(180deg, rgba(33, 37, 41, 0.75), rgba(33, 37, 41, 0.75) 100%)","background":"#ffffff","success_background":"#00aa00","success_color":"#ffffff","primary_button_background":"#f58645","secondary_button_background":"#f58645","cor_da_borda_botao_mini_cart":"#f58645","cor_de_fundo_botao_mini_cart":"#f58645","cor_do_texto_botao_mini_cart":"#ffffff","cor_ativa_botao_mini_cart":"#f58645","angulo_gradiente_header":360,"header_background":"#5f734d","header_background_2":"#5f734d","header_icon_color":"#ffffff","header_text_color":"#ffffff","header_light_text_color":"#ffffff","header_accent_color":"#f59258","cor_de_fundo_menu_cabecalho":"#5f734d","cor_do_texto_menu_cabecalho":"#ffffff","cor_do_texto_hover_menu_cabecalho":"#47b192","cor_do_texto_hover_sub_menu_cabecalho":"#47b192","product_on_sale_accent":"#f59258","heading_font":"poppins_n6","text_font":"poppins_n4","times_boleto":0,"times_pix":10,"times_parcela_1x":"1","times_parcela_2x":"1","times_parcela_3x":"1","times_parcela_4x":"1","times_parcela_5x":"1","times_parcela_6x":"1","times_parcela_7x":"1","times_parcela_8x":"1","times_parcela_9x":"1","times_parcela_10x":"1","times_parcela_11x":"1","times_parcela_12x":"1","ocultar_texto_carrinho":false,"size_icon_cart":28,"icone_carrinho":"modelo_1","cart_custom":"<svg xmlns=\"http:\/\/www.w3.org\/2000\/svg\" class=\"ionicon\" viewbox=\"0 0 512 512\"><path d=\"M454.65 169.4A31.82 31.82 0 00432 160h-64v-16a112 112 0 00-224 0v16H80a32 32 0 00-32 32v216c0 39 33 72 72 72h272a72.22 72.22 0 0050.48-20.55 69.48 69.48 0 0021.52-50.2V192a31.75 31.75 0 00-9.35-22.6zM176 144a80 80 0 01160 0v16H176zm192 96a112 112 0 01-224 0v-16a16 16 0 0132 0v16a80 80 0 00160 0v-16a16 16 0 0132 0z\"><\/path><\/svg>","estilo_3d":"estilo_3d","ativar_sombra_blocos_pagina_produtos":false,"opacidade_da_sombra_colecoes_produtos":38,"borda_blocos_pagina_produtos":8,"borda_blocos_colecoes_produtos":8,"borda_banners":8,"borda_imagem_pagina_produtos":8,"borda_imagem_colecoes_produtos":8,"borda_etiqueta_de_desconto":12,"borda_botoes":30,"borda_formularios":8,"borda_seletor_de_quantidade":30,"bloqueio_scripts_alihunter_enable":false,"botao_direito_enable":false,"atalho_f12_enable":false,"selecionar_conteudo_enable":false,"go_top":true,"exibir_botao_whatsapp":false,"posicao_botao_whatsapp":"direita","botao_whatsapp":"modelo_1","background_zap":"#26c963","exibir_contador_colecoes":true,"data_contador_kabum":"10\/10\/2023","cor_de_fundo_contador_colecoes":"#47b192","cor_da_borda_contador_colecoes":"#47b192","cor_texto_contador_colecoes":"#47b192","hiper_card_bandeira_de_cartoes":true,"dinersclub_card_bandeira_de_cartoes":false,"caixa_card_bandeira_de_cartoes":false,"paypal_card_bandeira_de_cartoes":false,"picpay_card_bandeira_de_cartoes":false,"checkout_mode":"nativo_shopify","translate_text":"COMPRAR AGORA","exibir_parcelas_12x_colecoes_produtos":true,"cor_texto_parcelas_12x_colecoes_produtos":"#576168","tamanho_fonte_preco_parcelas_12x_colecoes_produtos":14,"parcelas_12x_colecoes_produto":"12","exibir_preco_pix_colecoes_produtos":true,"cor_texto_preco_pix_colecoes_produtos":"#576168","tamanho_fonte_preco_pix_colecoes_produtos":14,"exibir_frete_gratis_colecoes":false,"modelo_frete_gratis_colecoes":"modelo_1","exibir_imagem_colecoes":false,"currency_code_enabled":false,"color_swatch_config":"\/* Cores em CSS *\/\nVermelho: #FF0000;\nVerde: #00FF00;\nAzul: #0000FF;\nAmarelo: #FFFF00;\nRosa: #FFC0CB;\nLaranja: #FFA500;\nRoxo: #800080;\nPreto: #000000;\nBranco: #FFFFFF;\nPrata: #C0C0C0;\nDourado: #FFD700;\nAzul Turquesa: #40E0D0;\nVerde Neon: #CCFF33;\nCiano: #00FFFF;\nMarrom: #8B4513;\nVerde Limão: #32CD32;\nLavanda: #E6E6FA;\nVioleta: #9400D3;\nAqua: #00FFFF;\nFúcsia: #FF00FF;\nOuro: #FFD700;\nAzul Royal: #4169E1;\nÍndigo: #4B0082;\nMagenta: #FF00FF;\nAzul Céu: #87CEEB;\nChartreuse: #7FFF00;\nCoral: #FF6F61;\nCreme: #FFFACD;\nTomate: #FF6347;\nOrquídea: #DA70D6;\nTurquesa: #40E0D0;\nVerde Oliva: #556B2F;\nAzeitona: #808000;\nSalmão: #FA8072;\nAzul Marinho: #000080;\nLima: #00FF00;\nPêssego: #FFDAB9;\nLilás: #C8A2C8;\nCinza: #808080;","habilitar_animacao_blocos_colecoes":"animacao_2","show_secondary_image":false,"discount_mode":"percentage","product_price_position":"after_title","show_color_swatch":true,"show_inventory_quantity":false,"model_cart_type":"wareplus","cart_type":"page","button_mode":"checkout","cart_empty_button_link":"shopify:\/\/collections\/all","cart_show_free_shipping_threshold":true,"cart_free_shipping_threshold":"100","exibir_preco_pix":false,"parcelas_12x_pagina_produto_cart":"6","text_color_upsell_cart":"#00b27a","button_color_upsell_cart":"linear-gradient(270deg, rgba(0, 178, 122, 0.15), rgba(0, 178, 122, 0.15) 100%)","cart_upsell_metafield":"wareplus.upsell","cart_upsell_collection":"casa-e-cozinha","cart_upsell_limit":10,"cart_upsell_title":"PRODUTOS RECOMENDADOS","quantidade_linha_titulo_carrinho":1,"social_facebook":"https:\/\/www.facebook.com","social_instagram":"https:\/\/instagram.com","social_youtube":"https:\/\/www.youtube.com","social_tiktok":"https:\/\/www.tiktok.com","search_mode":"product,page","size_icon_account":15,"tipo_de_imagem_colecoes":"imagem","url_img_colecoes":"https:\/\/seulink.com\/","exibir_tabela_de_parcelamento_popup":false,"cor_em_destaque_parcelas_popup":"#47b192","exibir_contador_teste":false,"sections":{"gift-card-template":{"type":"gift-card-template","settings":{"logo_max_width":140,"mobile_logo_max_width":100}}},"content_for_index":[]}}