{"sections":{"main":{"type":"main-blog-post","blocks":{"newsletter":{"type":"newsletter","settings":{"title":"Junte-se a nós","content":"<p>Uma frase curta descrevendo o que alguém receberá ao se inscrever<\/p>","subtext":"100% grátis, cancele a assinatura a qualquer momento!","background":"#73c2ab","text":"#ffffff"}},"social-media":{"type":"social_media","settings":{"title":"Siga-nos","show_rss":true}}},"block_order":["newsletter","social-media"],"settings":{"show_category":true,"show_author":true,"show_date":true,"show_share_buttons":true,"show_tags":true,"show_gravatar":true}}},"order":["main"]}