{"sections":{"main":{"type":"main-blog","blocks":{"newsletter":{"type":"newsletter","settings":{"title":"Junte-se a nós","content":"<p>Uma frase curta descrevendo o que alguém receberá ao se inscrever<\/p>","subtext":"100% grátis, cancele a assinatura a qualquer momento!","background":"#73c2ab","text":"#ffffff"}},"ee3bbf53-29e6-4703-9d13-bd927085c529":{"type":"social_media","settings":{"title":"Siga-nos","show_rss":true}}},"block_order":["newsletter","ee3bbf53-29e6-4703-9d13-bd927085c529"],"settings":{"articles_per_page":12,"highlight_first_article":true,"show_tags":true,"show_category":true,"show_author":true,"show_date":true,"show_excerpt":true}}},"order":["main"]}