{"sections":{"main":{"type":"main-cart","settings":{"enable_order_notes":false,"show_payment_icons":true,"exibir_pix_carrinho":true,"cor_desconto_pix":"#008060","exibir_parcelas_12x_carrinho":true,"exibir_icone_cartao":true,"parcelas_12x_carrinho":"12","exibir_botao_continuar_comprando":true,"exibir_taxa_e_frete":false,"exibir_calculo_de_frete":true,"exibir_borda_calculo_de_frete":true,"cor_de_fundo_calculo_de_frete":"#ffffff","cor_botao_calculo_de_frete":"#47b192","cor_tag_calculo_de_frete":"#47b192","cor_titulo_calculo_de_frete":"#000000","cor_texto_calculo_de_frete":"#222222","texto_calculo_de_frete":"Calcular frete e prazo","link_calculo_de_frete":"https:\/\/buscacepinter.correios.com.br\/app\/endereco\/index.php","exibir_prazo":true,"prazo_minimo":3,"prazo_maximo":5,"margin_top_calculo_de_frete":25,"margin_bottom_calculo_de_frete":25,"gift_wrap_product":"","gift_wrap_text":"Você quer um embrulho para presente?","gift_wrap_button":"Adicione um embrulho para presente","trust_heading":"Nossas garantias","upsell_heading":"Complete seu carrinho","upsell_collection":"","upsell_products_count":4}},"recently-viewed-products":{"type":"recently-viewed-products","settings":{"title":"Visualizado recentemente","recently_product_text":true,"show_quick_buy":false}}},"order":["main","recently-viewed-products"]}