{"sections":{"main":{"type":"main-page","settings":{}},"team":{"type":"team","blocks":{"separator-1":{"type":"separator","settings":{"title":"Nosso time"}},"member-1":{"type":"member","settings":{"title":"João D.","subheading":"CEO","link":"mailto:joao@teste.com","link_title":"Seu link"}},"member-2":{"type":"member","settings":{"title":"Emily H.","subheading":"CTO","link":"mailto:maria@teste.com","link_title":"Seu link"}}},"block_order":["separator-1","member-1","member-2"],"settings":{"round_image":true}}},"order":["main","team"]}