{"sections":{"main":{"type":"main-page","settings":{}},"718e8a63-eb6f-43e8-9521-2b72b823dc77":{"type":"faq","blocks":{"template--21052292923706__718e8a63-eb6f-43e8-9521-2b72b823dc77-separator-1":{"type":"separator","settings":{"title":"Envio"}},"template--21052292923706__718e8a63-eb6f-43e8-9521-2b72b823dc77-question-1":{"type":"question","settings":{"title":"Você envia para o exterior?","answer":"<p>Sim, enviamos para todo o mundo. Os custos de envio serão aplicados e serão adicionados no checkout. Realizamos descontos e promoções durante todo o ano, portanto, fique atento às ofertas exclusivas.<\/p>"}},"template--21052292923706__718e8a63-eb6f-43e8-9521-2b72b823dc77-question-2":{"type":"question","settings":{"title":"Quanto tempo vai demorar para receber meu pedido?","answer":"<p>Depende de onde você está. Os pedidos processados aqui levarão de 5 a 7 dias úteis para chegar. As entregas no exterior podem levar de 7 a 16 dias. Os detalhes da entrega serão fornecidos em seu e-mail de confirmação.<\/p>"}},"template--21052292923706__718e8a63-eb6f-43e8-9521-2b72b823dc77-question-3":{"type":"question","settings":{"title":"Quais transportadoras vocês usam?","answer":"<p>Usamos todas as principais transportadoras e parceiros de correio locais. Você será solicitado a selecionar um método de entrega durante a finalização da compra.<\/p>"}},"template--21052292923706__718e8a63-eb6f-43e8-9521-2b72b823dc77-separator-2":{"type":"separator","settings":{"title":"Produto"}},"template--21052292923706__718e8a63-eb6f-43e8-9521-2b72b823dc77-question-4":{"type":"question","settings":{"title":"Posso devolver meu produto","answer":"<p>Nosso objetivo sempre é garantir que nossos clientes amem nossos produtos, mas se você precisar devolver um pedido, ficaremos felizes em ajudar. Basta nos enviar um e-mail diretamente e nós o guiaremos pelo processo.<\/p>"}},"template--21052292923706__718e8a63-eb6f-43e8-9521-2b72b823dc77-question-5":{"type":"question","settings":{"title":"Posso personalizar meu produto?","answer":"<p>Depende do criador e do produto. Todas as opções estão descritas na página do produto, portanto, procure opções de personalização.<\/p>"}},"template--21052292923706__718e8a63-eb6f-43e8-9521-2b72b823dc77-separator-3":{"type":"separator","settings":{"title":"Outro"}},"template--21052292923706__718e8a63-eb6f-43e8-9521-2b72b823dc77-question-6":{"type":"question","settings":{"title":"Alguma dúvida?","answer":"<p>Você pode entrar em contato conosco através da nossa página de contato! Teremos o maior prazer em ajudá-lo.<\/p>"}}},"block_order":["template--21052292923706__718e8a63-eb6f-43e8-9521-2b72b823dc77-separator-1","template--21052292923706__718e8a63-eb6f-43e8-9521-2b72b823dc77-question-1","template--21052292923706__718e8a63-eb6f-43e8-9521-2b72b823dc77-question-2","template--21052292923706__718e8a63-eb6f-43e8-9521-2b72b823dc77-question-3","template--21052292923706__718e8a63-eb6f-43e8-9521-2b72b823dc77-separator-2","template--21052292923706__718e8a63-eb6f-43e8-9521-2b72b823dc77-question-4","template--21052292923706__718e8a63-eb6f-43e8-9521-2b72b823dc77-question-5","template--21052292923706__718e8a63-eb6f-43e8-9521-2b72b823dc77-separator-3","template--21052292923706__718e8a63-eb6f-43e8-9521-2b72b823dc77-question-6"],"settings":{"show_contact_info":true,"contact_info_heading":"Alguma dúvida?","contact_info_text":"<p>Se ainda não respondemos à sua pergunta, entre em contato conosco abaixo e retornaremos o mais breve possível.<\/p>","contact_1_icon":"bi-phone","contact_1_heading":"Suporte ao cliente","contact_1_text":"<p>Digite seu texto aqui<\/p>","contact_2_icon":"bi-email","contact_2_heading":"Envie uma mensagem","contact_2_text":"<p>Digite seu texto aqui<\/p>"}}},"order":["main","718e8a63-eb6f-43e8-9521-2b72b823dc77"]}