{"sections":{"landing_page_wareplus":{"type":"landing_page_wareplus","blocks":{"video_CaGRNH":{"type":"video","settings":{"video_titulo":"Título","video_titulo_cor":"#333333","video_subtitulo":"Sub Título","video_subtitulo_cor":"#333333","video_cor_fundo":"#ffffff","video_url":"","video_size":650,"enable_shadow":true,"enable_radius":false,"enable_max_video":false,"enable_box_button":false,"landing_box_button_txt":"CONHECER MAIS","landing_box_button_link":"","landing_box_button_color":"#47b192","landing_box_button_color_hover":"#3fbf9a"}},"topo_prrj39":{"type":"topo","settings":{"topo":"Título","topo_titulo_cor":"#333333","topo_subtitulo":"Sub Título","topo_subtitulo_cor":"#333333","topo_icones_cor":"#333333","topo_cor_fundo":"#ffffff","topo_invertido":false,"enable_box_button":true,"landing_box_button_txt":"CONHECER MAIS","landing_box_button_link":"","landing_box_button_color":"#47b192","landing_box_button_color_hover":"#3fbf9a","topo_item_01":"Item 01","topo_item_02":"Item 02","topo_item_03":"Item 03","topo_item_04":"Item 04","topo_item_05":"Item 05"}},"beneficios_UG7GRa":{"type":"beneficios","settings":{"beneficios_titulo":"Título","beneficios_titulo_cor":"#333333","beneficios_subtitulo":"Sub Título","beneficios_subtitulo_cor":"#333333","enable_box_button":true,"landing_box_button_txt":"CONHECER MAIS","landing_box_button_link":"","landing_box_button_color":"#47b192","landing_box_button_color_hover":"#3fbf9a","exibir_beneficios_box_01":true,"beneficios_box_01_titulo":"Titulo","beneficios_box_01_titulo_cor":"#333333","beneficios_box_01_subtitulo":"Subtítulo","beneficios_box_01_subtitulo_cor":"#333333","exibir_beneficios_box_02":true,"beneficios_box_02_titulo":"Titulo","beneficios_box_02_titulo_cor":"#333333","beneficios_box_02_subtitulo":"Subtítulo","beneficios_box_02_subtitulo_cor":"#333333","exibir_beneficios_box_03":true,"beneficios_box_03_titulo":"Titulo","beneficios_box_03_titulo_cor":"#333333","beneficios_box_03_subtitulo":"Subtítulo","beneficios_box_03_subtitulo_cor":"#333333","exibir_beneficios_box_04":false,"beneficios_box_04_titulo":"Titulo","beneficios_box_04_titulo_cor":"#333333","beneficios_box_04_subtitulo":"Subtítulo","beneficios_box_04_subtitulo_cor":"#333333","exibir_beneficios_box_05":false,"beneficios_box_05_titulo":"Titulo","beneficios_box_05_titulo_cor":"#333333","beneficios_box_05_subtitulo":"Subtítulo","beneficios_box_05_subtitulo_cor":"#333333","exibir_beneficios_box_06":false,"beneficios_box_06_titulo":"Titulo","beneficios_box_06_titulo_cor":"#333333","beneficios_box_06_subtitulo":"Subtítulo","beneficios_box_06_subtitulo_cor":"#333333"}},"garantia_GAY9hT":{"type":"garantia","settings":{"garantia_titulo":"Título","garantia_titulo_cor":"#333333","garantia_subtitulo":"Sub Título","garantia_subtitulo_cor":"#333333","garantia_icones_cor":"#333333","garantia_cor_fundo":"#f2f2f2","enable_box_button":true,"landing_box_button_txt":"CONHECER MAIS","landing_box_button_link":"","landing_box_button_color":"#47b192","landing_box_button_color_hover":"#3fbf9a","garantia_alinhamento":false,"garantia_bloco_cor_texto":"#333333","garantia_bloco_01_texto":"Informação 1","garantia_bloco_02_texto":"Informação 2","garantia_bloco_03_texto":"Informação 3","garantia_bloco_04_texto":"Informação 4","garantia_bloco_05_texto":"Informação 5"}},"depoimentos_y4cPpi":{"type":"depoimentos","settings":{"depoimentos_titulo_acima":"DEPOIMENTOS","depoimentos_titulo":"Título","depoimentos_titulo_cor":"#333333","depoimentos_subtitulo":"Sub Título","depoimentos_subtitulo_cor":"#333333","enable_box_button":true,"landing_box_button_txt":"CONHECER MAIS","landing_box_button_link":"","landing_box_button_color":"#47b192","landing_box_button_color_hover":"#3fbf9a","depoimentos_box_cor":"#f2f2f2","depoimentos_box_cor_borda":"#ffffff","exibir_depoimentos_box_01":true,"depoimentos_box_01_depoimento":"Depoimento","depoimentos_box_01_nome":"Nome","depoimentos_box_01_nome_cor":"#333333","depoimentos_box_01_descricao":"Descrição","depoimentos_box_01_descricao_cor":"#333333","exibir_depoimentos_box_02":true,"depoimentos_box_02_depoimento":"Depoimento","depoimentos_box_02_nome":"Nome","depoimentos_box_02_nome_cor":"#333333","depoimentos_box_02_descricao":"Descrição","depoimentos_box_02_descricao_cor":"#333333","exibir_depoimentos_box_03":true,"depoimentos_box_03_depoimento":"Depoimento","depoimentos_box_03_nome":"Nome","depoimentos_box_03_nome_cor":"#333333","depoimentos_box_03_descricao":"Descrição","depoimentos_box_03_descricao_cor":"#333333","exibir_depoimentos_box_04":false,"depoimentos_box_04_depoimento":"Depoimento","depoimentos_box_04_nome":"Nome","depoimentos_box_04_nome_cor":"#333333","depoimentos_box_04_descricao":"Descrição","depoimentos_box_04_descricao_cor":"#333333","exibir_depoimentos_box_05":false,"depoimentos_box_05_depoimento":"Depoimento","depoimentos_box_05_nome":"Nome","depoimentos_box_05_nome_cor":"#333333","depoimentos_box_05_descricao":"Descrição","depoimentos_box_05_descricao_cor":"#333333","exibir_depoimentos_box_06":false,"depoimentos_box_06_depoimento":"Depoimento","depoimentos_box_06_nome":"Nome","depoimentos_box_06_nome_cor":"#333333","depoimentos_box_06_descricao":"Descrição","depoimentos_box_06_descricao_cor":"#333333"}},"pacotes_wdmNBr":{"type":"pacotes","settings":{"pacotes_titulo":"Título","pacotes_titulo_cor":"","pacotes_bg_cor":"#f2f2f2","pacotes_bg_box_cor":"#ffffff","pacotes_box_cor_borda":"","pacotes_botao_destaque_cor":"#f2f2f2","pacotes_botao_destaque_cor_txt":"#333333","pacotes_box_botao_comprar_cor":"#47b192","pacotes_box_botao_comprar_cor_hover":"#3fbf9a","pacotes_rodape_txt":"TEXTO DO RODAPÉ","pacotes_rodape_txt_cor":"","exibir_pacotes_box_01":true,"pacotes_box_01_txt_destaque":"Texto destaque","pacotes_box_01_txt_sub_destaque":"Texto abaixo destaque","pacotes_box_01_txt_destaque_cor":"","pacotes_box_01_txt_cor":"","pacotes_box_01_botao_destaque":true,"pacotes_box_01_icon_botao_destaque":"fa-shipping-fast","pacotes_box_01_txt_botao_destaque":"Frete grátis","pacotes_box_01_txt_destaque_secundario":"R$ 00,00","pacotes_box_01_txt_sub_destaque_secundario":"ou R$ 00,00 à vista","pacotes_box_01_botao_comprar":"Comprar","pacotes_box_01_botao_comprar_link":"","exibir_pacotes_box_02":true,"pacotes_box_02_txt_destaque":"Texto destaque","pacotes_box_02_txt_sub_destaque":"Texto abaixo destaque","pacotes_box_02_txt_destaque_cor":"","pacotes_box_02_txt_cor":"","pacotes_box_02_botao_destaque":true,"pacotes_box_02_icon_botao_destaque":"fa-shipping-fast","pacotes_box_02_txt_botao_destaque":"Frete grátis","pacotes_box_02_txt_destaque_secundario":"R$ 00,00","pacotes_box_02_txt_sub_destaque_secundario":"ou R$ 00,00 à vista","pacotes_box_02_botao_comprar":"Comprar","pacotes_box_02_botao_comprar_link":"","exibir_pacotes_box_03":true,"pacotes_box_03_txt_destaque":"Texto destaque","pacotes_box_03_txt_sub_destaque":"Texto abaixo destaque","pacotes_box_03_txt_destaque_cor":"","pacotes_box_03_txt_cor":"","pacotes_box_03_botao_destaque":true,"pacotes_box_03_icon_botao_destaque":"fa-shipping-fast","pacotes_box_03_txt_botao_destaque":"Frete grátis","pacotes_box_03_txt_destaque_secundario":"R$ 00,00","pacotes_box_03_txt_sub_destaque_secundario":"ou R$ 00,00 à vista","pacotes_box_03_botao_comprar":"Comprar","pacotes_box_03_botao_comprar_link":"","exibir_pacotes_box_04":false,"pacotes_box_04_txt_destaque":"Texto destaque","pacotes_box_04_txt_sub_destaque":"Texto abaixo destaque","pacotes_box_04_txt_destaque_cor":"","pacotes_box_04_txt_cor":"","pacotes_box_04_botao_destaque":true,"pacotes_box_04_icon_botao_destaque":"fa-shipping-fast","pacotes_box_04_txt_botao_destaque":"Frete grátis","pacotes_box_04_txt_destaque_secundario":"R$ 00,00","pacotes_box_04_txt_sub_destaque_secundario":"ou R$ 00,00 à vista","pacotes_box_04_botao_comprar":"Comprar","pacotes_box_04_botao_comprar_link":"","exibir_pacotes_box_05":false,"pacotes_box_05_txt_destaque":"Texto destaque","pacotes_box_05_txt_sub_destaque":"Texto abaixo destaque","pacotes_box_05_txt_destaque_cor":"","pacotes_box_05_txt_cor":"","pacotes_box_05_botao_destaque":true,"pacotes_box_05_icon_botao_destaque":"fa-shipping-fast","pacotes_box_05_txt_botao_destaque":"Frete grátis","pacotes_box_05_txt_destaque_secundario":"R$ 00,00","pacotes_box_05_txt_sub_destaque_secundario":"ou R$ 00,00 à vista","pacotes_box_05_botao_comprar":"Comprar","pacotes_box_05_botao_comprar_link":"","exibir_pacotes_box_06":false,"pacotes_box_06_txt_destaque":"Texto destaque","pacotes_box_06_txt_sub_destaque":"Texto abaixo destaque","pacotes_box_06_txt_destaque_cor":"","pacotes_box_06_txt_cor":"","pacotes_box_06_botao_destaque":true,"pacotes_box_06_icon_botao_destaque":"fa-shipping-fast","pacotes_box_06_txt_botao_destaque":"Frete grátis","pacotes_box_06_txt_destaque_secundario":"R$ 00,00","pacotes_box_06_txt_sub_destaque_secundario":"ou R$ 00,00 à vista","pacotes_box_06_botao_comprar":"Comprar","pacotes_box_06_botao_comprar_link":""}},"duvidas_7dK7AD":{"type":"duvidas","settings":{"duvidas_titulo":"Dúvidas frequentes","duvidas_titulo_cor":"#333333","enable_box_button":true,"landing_box_button_txt":"CONHECER MAIS","landing_box_button_link":"","landing_box_button_color":"#47b192","landing_box_button_color_hover":"#3fbf9a","duvidas_accordion_titulo_bg_cor":"#e7e7e7","duvidas_accordion_titulo_bg_cor_hover":"#47b192","duvidas_accordion_titulo_cor_txt":"#333333","duvidas_accordion_cor_txt":"#333333","duvidas_accordion_01_titulo_txt":"Pergunta 1","duvidas_accordion_01_txt":"Resposta 1","duvidas_accordion_02_titulo_txt":"Pergunta 2","duvidas_accordion_02_txt":"Resposta 2","duvidas_accordion_03_titulo_txt":"Pergunta 3","duvidas_accordion_03_txt":"Resposta 3","duvidas_accordion_04_titulo_txt":"Pergunta 4","duvidas_accordion_04_txt":"Resposta 4","duvidas_accordion_05_titulo_txt":"Pergunta 5","duvidas_accordion_05_txt":"","duvidas_accordion_06_titulo_txt":"","duvidas_accordion_06_txt":"","duvidas_accordion_07_titulo_txt":"","duvidas_accordion_07_txt":"","duvidas_accordion_08_titulo_txt":"","duvidas_accordion_08_txt":"","duvidas_accordion_09_titulo_txt":"","duvidas_accordion_09_txt":"","duvidas_accordion_10_titulo_txt":"","duvidas_accordion_10_txt":""}},"atendimento_iFtqYf":{"type":"atendimento","settings":{"atendimento_bg":"#f2f2f2","atendimento_titulo":"Atendimento","atendimento_titulo_cor":"#333333","atendimento_subtitulo":"","atendimento_subtitulo_cor":"#333333","whatsapp-button-text":"Compre via WhatsApp","whatsapp-button-color":"#25d366","whatsapp-button-text-color":"#ffffff","whatsapp-button-icon-color":"#38c66d","whatsapp-button-online-color-text":"#ffffff","whatsapp-button-online-color":"#54cd81","whats-name":"Seu nome","whatsapp-phone-text":"66999999999","new_tab_whatsapp":true,"whats_left_center":"center","whats_border":"#bdefc3","descwhats":"Gostaria de mais informações!"}},"rodape_RtdDFi":{"type":"rodape","settings":{"rodape_bg":"#ffffff","rodape_colors_txt_coluna":"#333333","rodape_colors_txt":"#333333","rodape_colors_icons":"#333333","exibir_fechado":true,"menu":"","rodape_nome_item_02":"","rodape_nome_item_03":"","rodape_link_instagram":"","rodape_link_whatsapp":"","footer_information":"© 2024 SUA LOJA - Todos os direitos reservados."}}},"block_order":["video_CaGRNH","topo_prrj39","beneficios_UG7GRa","garantia_GAY9hT","depoimentos_y4cPpi","pacotes_wdmNBr","duvidas_7dK7AD","atendimento_iFtqYf","rodape_RtdDFi"],"settings":{"landing_box_button_txt_auxiliar":"Compra 100% Segura e Satisfação Garantida!"}}},"order":["landing_page_wareplus"]}