{"layout":false,"sections":{"main":{"type":"main-product","blocks":{"76448733-a55f-49dd-ad6f-9401ad889c36":{"type":"product_title","settings":{"exibir_selo_verificado":false,"cor_selo_verificado":"#0086ff","tamanho_selo_verificado":20,"margin_top_titulo_produto":0,"margin_bottom_titulo_produto":0}},"product_meta":{"type":"product_meta","settings":{"show_vendor":false,"show_sku":true,"margin_top_meta":0,"margin_bottom_meta":20,"color_share_icon":"#47b192","show_share_buttons":false,"show_share_buttons_facebook":true,"show_share_buttons_pinterest":true,"show_share_buttons_twitter":true,"show_share_buttons_email":true,"show_share_buttons_whatsapp":true,"exibir_codigo_produto":false,"exibir_vendido_pela_loja":false,"text_color_codigo_produto":"#47b192","text_color_vendido_loja":"#ffffff","background_color_vendido_loja":"#47b192","msg_vendido_loja":"Vendido e garantido pela","nome_vendido_loja":"Loja Teste©","exibir_bloco_de_promocao":false,"cor_de_fundo_bloco_de_promocao":"#47b192","cor_do_texto_bloco_de_promocao":"#ffffff","borda_bloco_de_promocao":6,"texto_1_da_promocao":"Promoção de","texto_2_da_promocao":"Black Friday","exibir_queima_estoque":false,"centralizar_imagem_queima_estoque":false,"tamanho_imagem_queima_estoque":100,"logo_promocao":"black_friday"}},"f7dfdcb4-9c5b-4667-b1b4-4a164d16823a":{"type":"product_price","settings":{"show_taxes_included":false,"exibir_msg_de_preco":false,"tam_preco_compare":18,"tam_preco":28,"tam_preco_highlight":28,"ocultar_desconto_off":true,"ocultar_economia":true,"cor_desconto_off":"#47b192","cor_economia":"#47b192","borda_desconto_off":3,"borda_economia":6,"exibir_parcelas_12x_pagina_produto":true,"estilo_parcelas_12x_produto":true,"parcelas_12x_pagina_produto":"12","cor_do_texto_12x_pagina_produto":"#576168","cor_do_preco_12x_pagina_produto":"#1c1b1b","ocultar_cartao_parcelas":false,"ocultar_seta_desconto":false,"ativar_modo_poligono_desconto_off":true,"exibir_desconto_pix":true,"cor_de_fundo_deconto_pix":"#f6f6f6","cor_etiqueta_deconto_pix":"#47b192","cor_do_icone_deconto_pix":"#47b192","borda_desconto_pix":4}},"variant_selector":{"type":"variant_selector","settings":{"selector_mode":"block","color_mode":"variant_image","text_seletor_image_color":"color,colour,couleur,cor,cores,colore,farbe,색,色,カラー,färg,farve,szín,barva,opção,opções,tipo,tipos,modelo,modelos,material,materiais,pacote,pacotes","show_taxes_included":false,"show_inventory_quantity":false,"low_inventory_threshold":0,"increase_selector_quantity":true,"hidden_product_price":false,"show_discount_economy":false,"show_badge_mostsell":true,"show_badge_moreeconomy":true,"badge_mostsell_position":2,"badge_moreeconomy_position":3,"borda_bloco_variante":8,"borda_imagem_bloco_variante":40,"borda_etiqueta":10,"color_kit_main":"#47b192","color_kit_badge_discount":"#47b192","color_kit_badge_mostsell":"#ff6500","color_kit_badge_moreeconomy":"#ffc107","color_kit_badge_soldout":"#333333","color_border_kit_main":"#d2d2d2","color_border_image_kit_main":"#6c6c6c"}},"240c5fda-4268-40a0-ab95-a7bd3b8a5948":{"type":"guia_tamanhos","settings":{"modal_image":"shopify:\/\/shop_images\/tabela-tamanhos-all-star.jpg","centralizar_imagem_personalizada":true,"modal_image_width":500,"texto_guia_de_tamanhos":"Guia de Tamanhos","cor_texto_guia_de_tamanhos":"#6c757d","cor_fundo_guia_de_tamanhos":"#ffffff","cor_borda_guia_de_tamanhos":"#6c757d","cor_titulo_guia_de_tamanhos":"#565c69","cor_icone_guia_de_tamanhos":"#47b192","borda_guia_tamanhos":12,"margin_top_guia_tamanhos":14,"margin_bottom_guia_tamanhos":25}},"110cf008-6142-470a-8a17-7cfafa4ffcd5":{"type":"timer_contador","settings":{"modelo_contador":"modelo_1","cor_de_fundo_1_contador":"#f5f5f5","cor_de_fundo_2_contador":"#f5f5f5","cor_texto_contador":"#222222","cor_tempo_timer":"#47b192","borda_contador_modelo_1":8,"texto_contador":"Promoção por tempo limitado!","tempo_minutos_contador":90,"margin_top_contador_modelo_1":25,"margin_bottom_contador_modelo_1":20,"image_topcolor_color":"#000000","image_topcolor_color_op":0,"all_info_color":"#f5f5f5","contador_color_background":"#4dc7a4","contador_color2_background":"#47b192","contador_info1_ico":true,"contador_info1":"TERMINA EM:","data_contador_kabum":"10\/08\/2023","contador_end_text":"SÓ HOJE!","timer_loop":false,"contador_info2_ico":true,"contador_info2":"Desconto:","contador_info3_ico":true,"contador_info3":"Restam:","contador_stock":"1","contador_min_stock":5,"contador_max_stock":100,"contador_image_nologo":false,"logo_size_contator":140,"margin_top_contador_modelo_2":25,"margin_bottom_contador_modelo_2":25}},"buy_buttons":{"type":"buy_buttons","settings":{"show_quantity_selector":true,"show_payment_button":false,"exibir_botao_add_ao_carrinho":true,"estilo_botao_checkout":"estilo_1","estilo_botao_carrinho":"estilo_1","icones_botao_de_compra":"1","icone_botao":"icone_carrinho","ativar_botao_pulsante_comprar_agora":false,"ativar_botao_pulsante_add_ao_carrinho":false,"ativar_botao_pulsante_botao_flutuante":false,"cor_estilo_3d":"#00976b","cor_botao_comprar_agora":"#47b192","cor_hover_botao_comprar_agora":"#47b192","cor_botao_add_ao_carrinho":"#47b192","cor_hover_botao_add_ao_carrinho":"#47b192","exibir_botao_whatsapp":true,"cor_da_borda_whats":"#47b192","cor_do_fundo_whats":"#ffffff","cor_do_texto_whats":"#47b192","cor_hover_whats":"#47b192","texto_botao_whats":"Comprar pelo WhatsApp","texto_cliente_whats":"Olá! Gostaria de mais informações sobre o produto","numero_botao_whats":"5511999999999","exibir_botao_flutuante":true,"modelo_botao_flutuante":"modelo_2","escolher_exibir_botao_flutuante":"botao_carrinho","funcao_botao_flutuante":"exibir_lista"}},"2c2f032a-412d-4c36-8429-1e2736c954ca":{"type":"quantidade_estoque","settings":{"cor_em_destaque_quantidade_estoque":"#47b192","background_color_quantidade_estoque":"#f5f5f5","text_color_quantidade_estoque":"#222222","valor_quantidade_estoque":"real_quantidade_estoque","texto_quantidade_estoque":"Restam apenas","porcentagem_quantidade_estoque":35,"qt_min_quantidade_estoque":10,"qt_max_quantidade_estoque":120}}},"block_order":["76448733-a55f-49dd-ad6f-9401ad889c36","product_meta","f7dfdcb4-9c5b-4667-b1b4-4a164d16823a","variant_selector","240c5fda-4268-40a0-ab95-a7bd3b8a5948","110cf008-6142-470a-8a17-7cfafa4ffcd5","buy_buttons","2c2f032a-412d-4c36-8429-1e2736c954ca"],"settings":{"image_size":"medium","enable_video_looping":true,"enable_image_zoom":true,"carousel_effect":"fade"}}},"order":["main"]}