{"layout":false,"sections":{"main":{"type":"upsell-product","blocks":{"76448733-a55f-49dd-ad6f-9401ad889c36":{"type":"product_title","settings":{"exibir_selo_verificado":false,"cor_selo_verificado":"#0086ff","tamanho_selo_verificado":20,"margin_top_titulo_produto":0,"margin_bottom_titulo_produto":0}},"f7dfdcb4-9c5b-4667-b1b4-4a164d16823a":{"type":"product_price","settings":{"show_taxes_included":false,"exibir_msg_de_preco":false,"tam_preco_compare":18,"tam_preco":28,"tam_preco_highlight":28,"ocultar_desconto_off":true,"ocultar_economia":true,"cor_desconto_off":"#47b192","cor_economia":"#47b192","borda_desconto_off":3,"borda_economia":6,"exibir_parcelas_12x_pagina_produto":true,"estilo_parcelas_12x_produto":true,"parcelas_12x_pagina_produto":"12","cor_do_texto_12x_pagina_produto":"#576168","cor_do_preco_12x_pagina_produto":"#1c1b1b","ocultar_cartao_parcelas":false,"ocultar_seta_desconto":false,"ativar_modo_poligono_desconto_off":true,"exibir_desconto_pix":true,"cor_de_fundo_deconto_pix":"#f6f6f6","cor_etiqueta_deconto_pix":"#47b192","cor_do_icone_deconto_pix":"#47b192","borda_desconto_pix":4}},"variant_selector":{"type":"variant_selector","settings":{"selector_mode":"block","color_mode":"variant_image","text_seletor_image_color":"color,colour,couleur,cor,cores,colore,farbe,색,色,カラー,färg,farve,szín,barva,opção,opções,tipo,tipos,modelo,modelos,material,materiais,pacote,pacotes","show_taxes_included":false,"show_inventory_quantity":false,"low_inventory_threshold":0,"increase_selector_quantity":true,"hidden_product_price":false,"show_discount_economy":false,"show_badge_mostsell":true,"show_badge_moreeconomy":true,"badge_mostsell_position":2,"badge_moreeconomy_position":3,"borda_bloco_variante":8,"borda_imagem_bloco_variante":40,"borda_etiqueta":10,"color_kit_main":"#47b192","color_kit_badge_discount":"#47b192","color_kit_badge_mostsell":"#ff6500","color_kit_badge_moreeconomy":"#ffc107","color_kit_badge_soldout":"#333333","color_border_kit_main":"#d2d2d2","color_border_image_kit_main":"#6c6c6c"}},"buy_buttons":{"type":"buy_buttons","settings":{"show_quantity_selector":false,"show_payment_button":false,"exibir_botao_add_ao_carrinho":true,"estilo_botao_checkout":"estilo_1","estilo_botao_carrinho":"estilo_1","icones_botao_de_compra":"1","icone_botao":"icone_carrinho","ativar_botao_pulsante_comprar_agora":false,"ativar_botao_pulsante_add_ao_carrinho":false,"ativar_botao_pulsante_botao_flutuante":false,"cor_estilo_3d":"#00976b","cor_botao_comprar_agora":"#47b192","cor_hover_botao_comprar_agora":"#47b192","cor_botao_add_ao_carrinho":"#47b192","cor_hover_botao_add_ao_carrinho":"#47b192","exibir_botao_whatsapp":false,"cor_da_borda_whats":"#47b192","cor_do_fundo_whats":"#ffffff","cor_do_texto_whats":"#47b192","cor_hover_whats":"#47b192","texto_botao_whats":"Comprar pelo WhatsApp","texto_cliente_whats":"Olá! Gostaria de mais informações sobre o produto","numero_botao_whats":"5511999999999","exibir_botao_flutuante":false,"modelo_botao_flutuante":"modelo_2","escolher_exibir_botao_flutuante":"botao_carrinho","funcao_botao_flutuante":"exibir_lista"}}},"block_order":["76448733-a55f-49dd-ad6f-9401ad889c36","f7dfdcb4-9c5b-4667-b1b4-4a164d16823a","variant_selector","buy_buttons"],"settings":{"image_size":"medium","enable_video_looping":true,"enable_image_zoom":true,"carousel_effect":"fade"}}},"order":["main"]}