{"sections":{"main":{"type":"main-product","blocks":{"76448733-a55f-49dd-ad6f-9401ad889c36":{"type":"product_title","settings":{"exibir_selo_verificado":false,"cor_selo_verificado":"#0086ff","tamanho_selo_verificado":20,"margin_top_titulo_produto":0,"margin_bottom_titulo_produto":0}},"product_meta":{"type":"product_meta","settings":{"show_vendor":false,"show_sku":true,"margin_top_meta":0,"margin_bottom_meta":20,"color_share_icon":"#47b192","show_share_buttons":false,"show_share_buttons_facebook":true,"show_share_buttons_pinterest":true,"show_share_buttons_twitter":true,"show_share_buttons_email":true,"show_share_buttons_whatsapp":true,"exibir_codigo_produto":false,"exibir_vendido_pela_loja":false,"text_color_codigo_produto":"#47b192","text_color_vendido_loja":"#ffffff","background_color_vendido_loja":"#47b192","msg_vendido_loja":"Vendido e garantido pela","nome_vendido_loja":"Loja Teste©","exibir_bloco_de_promocao":false,"cor_de_fundo_bloco_de_promocao":"#47b192","cor_do_texto_bloco_de_promocao":"#ffffff","borda_bloco_de_promocao":6,"texto_1_da_promocao":"Promoção de","texto_2_da_promocao":"Black Friday","exibir_queima_estoque":false,"centralizar_imagem_queima_estoque":false,"tamanho_imagem_queima_estoque":100,"logo_promocao":"black_friday"}},"f7dfdcb4-9c5b-4667-b1b4-4a164d16823a":{"type":"product_price","settings":{"show_taxes_included":false,"exibir_msg_de_preco":false,"tam_preco_compare":18,"tam_preco":28,"tam_preco_highlight":28,"ocultar_desconto_off":true,"ocultar_economia":true,"cor_desconto_off":"#f58645","cor_economia":"#f58645","borda_desconto_off":3,"borda_economia":6,"exibir_parcelas_12x_pagina_produto":true,"estilo_parcelas_12x_produto":true,"parcelas_12x_pagina_produto":"12","cor_do_texto_12x_pagina_produto":"#576168","cor_do_preco_12x_pagina_produto":"#1c1b1b","ocultar_cartao_parcelas":false,"ocultar_seta_desconto":false,"ativar_modo_poligono_desconto_off":true,"exibir_desconto_pix":true,"cor_de_fundo_deconto_pix":"#f6f6f6","cor_do_texto_deconto_pix":"#333333","cor_etiqueta_deconto_pix":"#5f734d","cor_do_icone_deconto_pix":"#576168","borda_desconto_pix":4}},"045af174-7afb-4377-bf06-d96c86dd6887":{"type":"parcelamento_popup","settings":{"exibir_tabela_de_parcelamento_popup":true,"texto_tabela_de_parcelamento_popup":"Ver mais opções de pagamento","cor_em_destaque_parcelas_popup":"#47b192","cor_do_titulo_parcelas_popup":"#565c69","cor_do_texto_parcelas_popup":"#565c69","cor_do_link_parcelas_popup":"#333333","qt_parcelas_popup":"12","parcelas_sem_juros_popup":"6","pix_popup":true,"boleto_popup":true,"visa_card":true,"master_card":true,"americanex_card":true,"elo_card":true,"hiper_card":true,"dinersclub_card":true,"caixa_card":false,"paypal_card":false,"picpay_card":false,"mp_card":false,"description_boleto_popup":"O prazo de pagamento via boleto <br> bancário é de 2 dias corridos.","description_pix_popup":"Pague com o PIX e priorizamos <br> o despacho o mais breve possível!","msg_desconto_boleto_popup":"À vista no Boleto","msg_desconto_pix_popup":"À vista no Pix com <b>10% OFF<\/b>","video_pix_popup":false,"text_video_link_pix_popup":"Veja como é fácil pagar com o PIX","video_link_pix_popup":"seu link aqui"}},"variant_selector":{"type":"variant_selector","settings":{"selector_mode":"block","color_mode":"variant_image","text_seletor_image_color":"color,colour,couleur,cor,cores,colore,farbe,색,色,カラー,färg,farve,szín,barva,opção,opções,tipo,tipos,modelo,modelos,material,materiais,pacote,pacotes","show_taxes_included":false,"show_inventory_quantity":false,"low_inventory_threshold":0,"increase_selector_quantity":true,"hidden_product_price":false,"show_discount_economy":false,"show_badge_mostsell":true,"show_badge_moreeconomy":true,"badge_mostsell_position":2,"badge_moreeconomy_position":3,"borda_bloco_variante":8,"borda_imagem_bloco_variante":40,"borda_etiqueta":10,"color_kit_main":"#47b192","color_kit_badge_economy":"#d2d2d2","color_kit_badge_text_economy":"#333333","color_kit_badge_discount":"#47b192","color_kit_badge_mostsell":"#ff6500","color_kit_badge_moreeconomy":"#ffc107","color_kit_badge_soldout":"#333333","color_border_kit_main":"#d2d2d2","color_border_image_kit_main":"#6c6c6c"}},"240c5fda-4268-40a0-ab95-a7bd3b8a5948":{"type":"guia_tamanhos","disabled":true,"settings":{"centralizar_imagem_personalizada":true,"modal_image_width":500,"texto_guia_de_tamanhos":"Guia de Tamanhos","icon_model":"modelo_2","icon_code":"<svg xmlns=\"http:\/\/www.w3.org\/2000\/svg\" viewbox=\"0 0 24 24\" fill=\"currentColor\"><path d=\"M17 19H19V14H10V5H5V7H7V9H5V11H8V13H5V15H7V17H5V19H7V17H9V19H11V16H13V19H15V17H17V19ZM12 12H20C20.5523 12 21 12.4477 21 13V20C21 20.5523 20.5523 21 20 21H4C3.44772 21 3 20.5523 3 20V4C3 3.44772 3.44772 3 4 3H11C11.5523 3 12 3.44772 12 4V12Z\"><\/path><\/svg>","cor_texto_guia_de_tamanhos":"#222222","cor_fundo_guia_de_tamanhos":"#ffffff","cor_borda_guia_de_tamanhos":"#6c757d","cor_titulo_guia_de_tamanhos":"#565c69","cor_icone_guia_de_tamanhos":"#222222","cor_icone_guia_de_tamanhos_x":"#0086ff","show_border":false,"show_underline":true,"borda_guia_tamanhos":12,"margin_top_guia_tamanhos":14,"margin_bottom_guia_tamanhos":25}},"110cf008-6142-470a-8a17-7cfafa4ffcd5":{"type":"timer_contador","settings":{"modelo_contador":"modelo_1","cor_de_fundo_1_contador":"#f5f5f5","cor_de_fundo_2_contador":"#f5f5f5","cor_texto_contador":"#222222","cor_tempo_timer":"#47b192","borda_contador_modelo_1":8,"texto_contador":"Promoção por tempo limitado!","tempo_minutos_contador":90,"margin_top_contador_modelo_1":25,"margin_bottom_contador_modelo_1":20,"image_topcolor_color":"#000000","image_topcolor_color_op":0,"all_info_color":"#f5f5f5","contador_color_background":"#4dc7a4","contador_color2_background":"#47b192","contador_info1_ico":true,"contador_info1":"TERMINA EM:","data_contador_kabum":"10\/08\/2023","contador_end_text":"SÓ HOJE!","timer_loop":false,"contador_info2_ico":true,"contador_info2":"Desconto:","contador_info3_ico":true,"contador_info3":"Restam:","contador_stock":"1","contador_min_stock":5,"contador_max_stock":100,"contador_image_nologo":false,"logo_size_contator":140,"margin_top_contador_modelo_2":25,"margin_bottom_contador_modelo_2":25}},"buy_buttons":{"type":"buy_buttons","settings":{"show_quantity_selector":true,"show_payment_button":false,"exibir_botao_add_ao_carrinho":true,"estilo_botao_checkout":"estilo_1","estilo_botao_carrinho":"estilo_1","icones_botao_de_compra":"3","icone_botao":"icone_carrinho","ativar_botao_pulsante_comprar_agora":false,"ativar_botao_pulsante_add_ao_carrinho":false,"ativar_botao_pulsante_botao_flutuante":false,"cor_estilo_3d":"#f58645","cor_botao_comprar_agora":"#f58645","cor_hover_botao_comprar_agora":"#f58645","cor_botao_add_ao_carrinho":"#f58645","cor_hover_botao_add_ao_carrinho":"#f58645","exibir_botao_whatsapp":false,"cor_da_borda_whats":"#47b192","cor_do_fundo_whats":"#ffffff","cor_do_texto_whats":"#47b192","cor_hover_whats":"#47b192","texto_botao_whats":"Comprar pelo WhatsApp","texto_cliente_whats":"Olá! Gostaria de mais informações sobre o produto","numero_botao_whats":"5511999999999","exibir_botao_flutuante":true,"background_botao_flutuante":"linear-gradient(180deg, rgba(255, 255, 255, 0.95), rgba(255, 255, 255, 0.95) 100%)","modelo_botao_flutuante":"modelo_2","escolher_exibir_botao_flutuante":"botao_carrinho","funcao_botao_flutuante":"exibir_lista"}},"84c28a21-5a64-43f8-b082-a16dba48c39b":{"type":"compre_junto","settings":{"title_compre_junto":"Compre junto","products_count":3,"input_checked":true,"cor_botao_compre_junto":"#47b192","cor_preco_total_compre_junto":"#47b192","cor_preco_parcelado_compre_junto":"#000000","exibir_parcela_compre_junto":true,"qt_parcelas_compre_junto":"12","margin_top_compre_junto":25,"margin_bottom_compre_junto":25}},"a302d69b-59d8-4b2c-96f2-5614e7a3c564":{"type":"description","settings":{"desativar_borda_descricao":false,"exibir_barra_descricao":false,"cor_barra_descricao":"#47b192","display_mode":"show_all"}},"b246ee53-7fab-426d-9ae8-7994253a36d9":{"type":"trust","settings":{"trust_title":"Pagamento e segurança","exibir_barra_trust":false,"cor_barra_trust":"#47b192","show_payment_icons":true,"custom_security_badge_width":200}}},"block_order":["76448733-a55f-49dd-ad6f-9401ad889c36","product_meta","f7dfdcb4-9c5b-4667-b1b4-4a164d16823a","045af174-7afb-4377-bf06-d96c86dd6887","variant_selector","240c5fda-4268-40a0-ab95-a7bd3b8a5948","110cf008-6142-470a-8a17-7cfafa4ffcd5","buy_buttons","84c28a21-5a64-43f8-b082-a16dba48c39b","a302d69b-59d8-4b2c-96f2-5614e7a3c564","b246ee53-7fab-426d-9ae8-7994253a36d9"],"settings":{"image_size":"medium","enable_video_looping":true,"enable_image_zoom":true,"carousel_effect":"fade"}},"product-recommendations":{"type":"product-recommendations","settings":{"heading":"Quem viu, também comprou","recommended_product_text":true,"show_quick_buy":false}},"recently-viewed-products":{"type":"recently-viewed-products","disabled":true,"settings":{"title":"Visualizado recentemente","recently_product_text":true,"show_quick_buy":false}}},"order":["main","product-recommendations","recently-viewed-products"]}