{"type":"header","name":"Grupo do cabeçalho","sections":{"announcement-bar":{"type":"announcement-bar","disabled":true,"settings":{"background1":"#ffffff","background2":"#ffffff","text_color":"#222222","icon_color":"#47b192","espessura_da_barra":8,"modelo_barra_anuncio":"2","text":"<style>\n  .container2 {\n    width: 100%;\n    margin-left: auto;\n    margin-right: auto;\n    padding-left: 20px;\n    padding-right: 20px;\n  }\n  \n  .header-bar {\n    position: relative;\n    color: #222222;\n  }\n  \n  .header-bar-content {\n    padding: 10px 0;\n    display: -webkit-box;\n    display: -ms-flexbox;\n    display: flex;\n    -webkit-box-align: center;\n    -ms-flex-align: center;\n    align-items: center;\n    -webkit-box-pack: justify;\n    -ms-flex-pack: justify;\n    justify-content: space-between\n  }\n  \n  @media screen and (min-width: 480px)and (max-width: 767px) {\n    .header-bar-content {\n        -ms-flex-wrap:wrap;\n        flex-wrap: wrap\n    }\n  }\n  \n  @media screen and (max-width: 479px) {\n    .header-bar-content {\n        -ms-flex-wrap:wrap;\n        flex-wrap: wrap\n    }\n  }\n  \n  .header-bar-item {\n    -webkit-box-flex: 1;\n    -ms-flex: 1;\n    flex: 1;\n    display: -webkit-box;\n    display: -ms-flexbox;\n    display: flex;\n    -webkit-box-align: center;\n    -ms-flex-align: center;\n    align-items: center;\n    color: #222222;\n    font-size: 14px;\n    line-height: 1.2\n  }\n  \n  @media screen and (min-width: 480px)and (max-width: 767px) {\n    .header-bar-item {\n        width:100%;\n        -ms-flex-preferred-size: 100%;\n        flex-basis: 100%;\n        text-align: center !important;\n        -webkit-box-pack: center !important;\n        -ms-flex-pack: center !important;\n        justify-content: center !important\n    }\n  }\n  \n  @media screen and (max-width: 479px) {\n    .header-bar-item {\n        width:100%;\n        -ms-flex-preferred-size: 100%;\n        flex-basis: 100%;\n        text-align: center !important;\n        -webkit-box-pack: center !important;\n        -ms-flex-pack: center !important;\n        justify-content: center !important\n    }\n  }\n  \n  .header-bar-item:first-child {\n    text-align: left;\n    -webkit-box-pack: start;\n    -ms-flex-pack: start;\n    justify-content: flex-start\n  }\n  \n  .header-bar-item:last-child {\n    text-align: right;\n    -webkit-box-pack: end;\n    -ms-flex-pack: end;\n    justify-content: flex-end\n  }\n  \n  .header-bar-item:not(:first-child):not(:last-child) {\n    text-align: center;\n    -webkit-box-pack: center;\n    -ms-flex-pack: center;\n    justify-content: center;\n    margin-left: 10px;\n    margin-right: 10px\n  }\n  \n  @media screen and (min-width: 480px)and (max-width: 767px) {\n    .header-bar-item:not(:first-child) {\n        display:none\n    }\n  }\n  \n  @media screen and (max-width: 479px) {\n    .header-bar-item:not(:first-child) {\n        display:none\n    }\n  }\n  \n  .header-bar-item b,.header-bar-item strong {\n    font-weight: var(--font-bold)\n  }\n  \n  .header-bar-item[href=\"#\"] {\n    cursor: default\n  }\n  \n  .header-bar-item:not([href=\"#\"]):hover {\n    color: opacity(0.7);\n    text-decoration: underline\n  }\n  \n  .header-bar-item svg {\n    -ms-flex-negative: 0;\n    flex-shrink: 0;\n    width: .85em;\n    margin-right: 7px;\n    color: #47b192;\n  }\n  \n  .header-bar-item svg path {\n    fill: currentColor\n  }\n  \n  .header-bar-content.center {\n    -webkit-box-pack: center;\n    -ms-flex-pack: center;\n    justify-content: center\n  }\n  \n  .header-bar-content.center .header-bar-item {\n    text-align: center !important;\n    -webkit-box-pack: center !important;\n    -ms-flex-pack: center !important;\n    justify-content: center !important\n  }\n  .announcesvg {\n  width: 22px;\n  vertical-align: middle;\n  margin-right: 5px;\n  }\n  \n  \n  .announcement-bar__inner {\n  justify-content: space-around !important;\n  width: 100%;\n  }\n  \n  .announcement-bar {\n    font-weight: 500 !important;\n  }\n  strong {\n      font-weight: 600 !important;\n  }\n  <\/style>\n  \n  <div class=\"header-bar \">\n    <div class=\"container2\">\n      <div class=\"header-bar-content \">\n                            <a class=\"header-bar-item\">\n            <svg class=\"i-box\" xmlns=\"http:\/\/www.w3.org\/2000\/svg\" viewbox=\"0 0 512 512\" style=\"\n      width: 0.85em;\n  \"><path fill=\"currentColor\" d=\"M509.5 184.6L458.9 32.8C452.4 13.2 434.1 0 413.4 0H272v192h238.7c-.4-2.5-.4-5-1.2-7.4zM240 0H98.6c-20.7 0-39 13.2-45.5 32.8L2.5 184.6c-.8 2.4-.8 4.9-1.2 7.4H240V0zM0 224v240c0 26.5 21.5 48 48 48h416c26.5 0 48-21.5 48-48V224H0z\"><\/path><\/svg><span>Frete grátis para todo <strong>Brasil<\/strong><\/span>\n          <\/a>\n                            <a class=\"header-bar-item\">\n            <svg class=\"credit_card i-card\" xmlns=\"http:\/\/www.w3.org\/2000\/svg\" viewbox=\"0 0 576 512\" style=\"\n      width: 0.85em;\n  \"><path fill=\"currentColor\" d=\"M0 432c0 26.5 21.5 48 48 48h480c26.5 0 48-21.5 48-48V256H0v176zm192-68c0-6.6 5.4-12 12-12h136c6.6 0 12 5.4 12 12v40c0 6.6-5.4 12-12 12H204c-6.6 0-12-5.4-12-12v-40zm-128 0c0-6.6 5.4-12 12-12h72c6.6 0 12 5.4 12 12v40c0 6.6-5.4 12-12 12H76c-6.6 0-12-5.4-12-12v-40zM576 80v48H0V80c0-26.5 21.5-48 48-48h480c26.5 0 48 21.5 48 48z\"><\/path><\/svg><span>Parcele em até 12X Sem Juros<\/span>\n          <\/a>\n                            <a class=\"header-bar-item\">\n            <svg class=\"i-heart\" xmlns=\"http:\/\/www.w3.org\/2000\/svg\" viewbox=\"0 0 512 512\" style=\"\n      width: 0.85em;\n  \"><path fill=\"currentColor\" d=\"M462.3 62.6C407.5 15.9 326 24.3 275.7 76.2L256 96.5l-19.7-20.3C186.1 24.3 104.5 15.9 49.7 62.6c-62.8 53.6-66.1 149.8-9.9 207.9l193.5 199.8c12.5 12.9 32.8 12.9 45.3 0l193.5-199.8c56.3-58.1 53-154.3-9.8-207.9z\"><\/path><\/svg><span>Satisfação Garantida<\/span>\n          <\/a>\n              <\/div>\n    <\/div>\n  <\/div>","icon_size":18,"text_size":14,"icon_1":"","text_1":"Frete Grátis para todo o Brasil","link_1":"","icon_2":"","text_2":"Trocas e Devoluções em até 7 dias","link_2":"#ffffff","icon_3":"","text_3":"Satisfação Garantida ou Dinheiro de Volta","link_3":"","api_estimativa_de_entrega":"api_2","texto_rastreio_geo_ip":"Frete grátis para"}},"barra-de-anuncio-slider":{"type":"barra-de-anuncio-slider","blocks":{"d21eccb2-bc83-471f-8bd8-bc5411a4cc84":{"type":"item","settings":{"icon_color":"#ffffff","icon":"","title":"📦 Frete grátis em todos os pedidos","link":""}},"0fd520f1-2a9a-484b-a5dd-ff5752b64357":{"type":"item","settings":{"icon_color":"#ffffff","icon":"","title":"🔥 Baixe o Wareplus hoje mesmo","link":""}}},"block_order":["d21eccb2-bc83-471f-8bd8-bc5411a4cc84","0fd520f1-2a9a-484b-a5dd-ff5752b64357"],"disabled":true,"settings":{"background1":"#47b192","background2":"#47b192","cor_da_seta":"#ffffff","text_color":"#ffffff","velocidade_slider":5,"icon_size":18,"text_size":14,"espessura_da_barra":6}},"banner-de-oferta":{"type":"banner-de-oferta","disabled":true,"settings":{"ativar_banner_infinito":false,"bgimg1":"#47b192","bgimg2":"#47b192","bgimg3":"#47b192","imgpc_max_width":40,"imgmob_max_width":80,"linkimg":"shopify:\/\/collections\/all"}},"header":{"type":"header","settings":{"header_style":"inferior","enable_sticky_header":false,"header_menu_center":true,"centralizar_logo":false,"logo":"shopify:\/\/shop_images\/Imagem_do_WhatsApp_de_2025-01-07_a_s__14.12.45_de5a3240-removebg-preview.png","exibir_logo_svg":false,"link_svg":"seu link aqui","logo_max_width":140,"mobile_logo_max_width":100,"mostrar_barra":false,"ativar_animacao_barra_colorida":true,"espessura_da_barra_header":6,"background1":"#00ff48","background2":"#01c6ff","background3":"#ffa000","background4":"#c100be","cor-personalizada-barra-colorida":"\/*Cor personalizada*\/","ativar_sombra_barra_de_pesquisa":false,"ativar_borda_barra_de_pesquisa":true,"cor_de_fundo_barra_de_pesquisa":"#ffffff","cor_do_botao_barra_de_pesquisa":"#f58645","cor_do_icone_barra_de_pesquisa":"#ffffff","opacidade_cor_de_fundo_barra_de_pesquisa":99,"borda_barra_de_pesquisa":10,"borda_botao_barra_de_pesquisa":"20px 20px 20px 20px","largura_do_botao_barra_de_pesquisa":62,"altura_do_botao_barra_de_pesquisa":85,"margin_direita_botao_barra_de_pesquisa":4,"navigation_menu":"produtos","navigation_mobile_menu":"produtos","desktop_navigation_layout":"inline","desktop_navigation_open_trigger":"hover","margem_superior_cabecalho":30,"margem_inferior_cabecalho":0,"margem_item_menu_cabecalho":17,"show_navigation_social_media":true,"navigation_phone_number":"Ligue para 0300 711 55 66","navigation_email":"saci@natura.com.br","show_condensed_search":false,"show_search_filter":false,"search_menu":"","show_search_menu_title":true,"exibir_icone_rastreio":true,"size_icon_delivery":32,"mostrar_icone_rastreio":"modelo_4_icone_rastreio","cart_custom":"<svg xmlns=\"http:\/\/www.w3.org\/2000\/svg\" class=\"ionicon\" viewbox=\"0 0 512 512\"><path d=\"M256 32C167.67 32 96 96.51 96 176c0 128 160 304 160 304s160-176 160-304c0-79.49-71.67-144-160-144zm0 224a64 64 0 1164-64 64.07 64.07 0 01-64 64z\"><\/path><\/svg>","titulo_rastreio":"Rastrear Pedido","rastreiopage":"","show_login":true,"size_icon_account":20,"position_arrow_account":8,"icon_account":"padrao","account_icon_custom":"<svg xmlns=\"http:\/\/www.w3.org\/2000\/svg\" class=\"ionicon\" viewbox=\"0 0 512 512\"><path d=\"M256 48C141.31 48 48 141.31 48 256s93.31 208 208 208 208-93.31 208-208S370.69 48 256 48zm69.3 96.17a72.5 72.5 0 11-72.6 72.5 72.55 72.55 0 0172.6-72.5zm-155.1 26.36a59.32 59.32 0 11-59.4 59.32 59.35 59.35 0 0159.4-59.32zm-75.85 155c24.5-13.29 55.87-19.94 75.85-19.94 15 0 34.32 3 53.33 10.2a133.05 133.05 0 00-34 27.11c-13.19 15-20.76 32.92-20.76 50.83v15a177.06 177.06 0 01-74.42-83.15zM256 432a175.12 175.12 0 01-59.4-10.33v-27.05c0-52.59 85.75-79.09 128.7-79.09 23 0 58.38 7.63 86.21 22.81A176.14 176.14 0 01256 432z\"><\/path><\/svg>"}}},"order":["announcement-bar","barra-de-anuncio-slider","banner-de-oferta","header"]}